Opt_Th	P	R	F1	P_5	R_5	F1_5
0.50164557	0.9769838675465038	0.9777872355815823	0.9773853864807249	0.9768870041065429	0.9778773988458592	0.9773819505810707
