Opt_Th	P	R	F1	P_5	R_5	F1_5
0.5469253	0.9183138116154221	0.9265134423265083	0.9223954046838501	0.910835106955636	0.9337296592884385	0.9221403006817479
