Opt_Th	P	R	F1	P_5	R_5	F1_5
0.48351634	0.9243026647833571	0.9469369056673115	0.9354828949873116	0.9259210646385931	0.9452027175327824	0.9354625437998816
