Opt_Th	P	R	F1	P_5	R_5	F1_5
0.45304134	0.9194990703634282	0.9442667317100453	0.9317183317952853	0.9248921123318131	0.9382854337528528	0.9315406345653896
