Opt_Th	P	R	F1	P_5	R_5	F1_5
0.49401763	0.9227613241612057	0.9413320117513085	0.9319541644235947	0.923531915607746	0.940448022520752	0.9319132100103452
