Opt_Th	P	R	F1	P_5	R_5	F1_5
0.5375752	0.8820462433681803	0.9155526873789988	0.898487192771774	0.8725884719281496	0.9255050359546418	0.8982681062414585
