Opt_Th	P	R	F1	P_5	R_5	F1_5
0.42915085	0.7018030699258401	0.9751939261084432	0.8162138545678671	0.7205886797014294	0.9261301934367295	0.8105317115220932
