Opt_Th	P	R	F1	P_5	R_5	F1_5
0.40677363	0.9173411608429395	0.9390758965612612	0.928081294701836	0.9290871213711492	0.9244577993915368	0.9267666793987105
