Opt_Th	P	R	F1	P_5	R_5	F1_5
0.47813943	0.7295403637836452	0.9837593727828169	0.8377893901201872	0.7447101343641455	0.945256312751068	0.83308394303217
