Opt_Th	P	R	F1	P_5	R_5	F1_5
0.4890253	0.9836215365950615	0.9825232265917445	0.9830720748294031	0.9841263095344753	0.9819952366289025	0.9830596181501087
