Opt_Th	P	R	F1	P_5	R_5	F1_5
0.49454448	0.6912044696787124	0.9704724223940079	0.807371010885201	0.694244583115381	0.9600288929963264	0.8057855828813993
