Opt_Th	P	R	F1	P_5	R_5	F1_5
0.48641247	0.9720572194815059	0.9718246166596752	0.9719409041540881	0.9731853398959328	0.9706616633695948	0.9719218634011543
