Opt_Th	P	R	F1	P_5	R_5	F1_5
0.45940748	0.6809012373570262	0.9811828731446482	0.8039167550865531	0.7030736348501294	0.9088342398819951	0.7928212307000206
