Opt_Th	P	R	F1	P_5	R_5	F1_5
0.3760805	0.9480620121940806	0.9425546681495285	0.9453003187577494	0.9569284306371993	0.9314820199464726	0.9440337795616873
