Opt_Th	P	R	F1	P_5	R_5	F1_5
0.49370188	0.9007499851781585	0.9441408914153615	0.9219351721428176	0.9015717395759392	0.9432009731649456	0.9219166526835764
