Opt_Th	P	R	F1	P_5	R_5	F1_5
0.50546354	0.902166890493993	0.9515295054437429	0.9261909523271282	0.90147370252205	0.9522351758178376	0.9261594197952006
