Opt_Th	P	R	F1	P_5	R_5	F1_5
0.38425228	0.8393722131949204	0.9253312561948039	0.8802581939947889	0.8725617520273786	0.8755563384915135	0.8740564803445985
