Opt_Th	P	R	F1	P_5	R_5	F1_5
0.39202178	0.9465069083586239	0.9600580805752743	0.9532343360591552	0.9541222462215514	0.9506559993546603	0.9523859689124854
