Opt_Th	P	R	F1	P_5	R_5	F1_5
0.34975594	0.9306533822968716	0.9468947951386585	0.938703841920834	0.9485463273016921	0.9239215876434949	0.9360720380617468
