Opt_Th	P	R	F1	P_5	R_5	F1_5
0.3833799	0.6383865500681509	0.9801426688541709	0.7731833193113754	0.7050075187969925	0.7960421172380566	0.747764316993982
