Opt_Th	P	R	F1	P_5	R_5	F1_5
0.17997645	0.5391664848352608	0.66860583102212	0.5969500226483466	0.6843753433688605	0.42132855306771294	0.5215625523362921
