Epoch	Train Loss	Test Loss
1	0.17028344876092413	0.18257347441145352
2	0.11036432615440825	0.1854242150272642
3	0.09332335626949435	0.20046356746128627
4	0.08295006596523782	0.21107880345412663
5	0.07489650340183922	0.21334554787193025
6	0.06917102764482083	0.21645872933523996
7	0.06517146098548951	0.258624759635755
8	0.06121509570790374	0.22240068763494492
9	0.058891803107183914	0.24949122752462113
10	0.05568024119281251	0.27299085685185026
