Opt_Th	P	R	F1	P_5	R_5	F1_5
0.18419619	0.3996422495747023	0.6253841486092352	0.4876555929512864	0.4524685102070363	0.30587037798265704	0.36499964962276055
