Opt_Th	P	R	F1	P_5	R_5	F1_5
0.20518208	0.38962747541891707	0.5834514222514084	0.4672359152493115	0.4479985035540591	0.16555490270625237	0.24176656151419557
