Opt_Th	P	R	F1	P_5	R_5	F1_5
0.49897024	0.6750457038391224	0.4119451749143358	0.5116543771960212	0.6754971219256933	0.41146704916726434	0.5114148467290646
