Epoch	Train Loss	Test Loss
1	0.22818228210273542	0.16835128422826529
2	0.137245275080204	0.219403310213238
3	0.11401823829663427	0.24147363426163793
4	0.09826065050928216	0.20955936331301928
5	0.08858308705844377	0.21404587104916573
6	0.0791248063507833	0.20117312110960484
7	0.07348378708488063	0.20592406019568443
8	0.06920900823254335	0.20803585648536682
9	0.06111788749694824	0.22819253988564014
10	0.054296787828207016	0.24156229756772518
