Opt_Th	P	R	F1	P_5	R_5	F1_5
0.26186222	0.3267027143164076	0.6306639477413334	0.43042991095122957	0.476409666283084	0.12878028548716	0.20275344180225283
