Opt_Th	P	R	F1	P_5	R_5	F1_5
0.5066561	0.7289536791619337	0.42680313331362696	0.5383826613842927	0.7239720034995626	0.4280594147206621	0.5380114243254539
