Epoch	Train Loss	Test Loss
1	0.23003287985920906	0.17417605380926812
2	0.11098699903358585	0.16270816485796655
3	0.0957854001418404	0.16662036308220454
4	0.08818003292316975	0.17699931455510004
5	0.07877637008609979	0.18524273804255895
6	0.07435413255639699	0.21785890949623926
7	0.06733433230091697	0.18808060671601975
8	0.06357659950204518	0.2037550402539117
9	0.05947630196485831	0.1939783553991999
10	0.053684672340750694	0.2256933514560972
11	0.05088891113257926	0.240100659430027
