Opt_Th	P	R	F1	P_5	R_5	F1_5
0.16835563	0.3811114485271789	0.500039843812256	0.43254980354311706	0.5426224655912387	0.2921746752729301	0.37983010463068484
