Opt_Th	P	R	F1	P_5	R_5	F1_5
0.13453487	0.4587511237120531	0.4902453443689033	0.4739756367663345	0.6211087420042644	0.2152675140407922	0.319723411261113
