Opt_Th	P	R	F1	P_5	R_5	F1_5
0.14267404	0.35147229551451187	0.5755020219126948	0.4364155789694396	0.6140350877192983	0.0012096913558911969	0.002414625733011383
