Opt_Th	P	R	F1	P_5	R_5	F1_5
0.13527535	0.3251299173375697	0.4727230019378707	0.38527499700873447	0.4022184300341297	0.04613698201107914	0.08277872407677314
