Opt_Th	P	R	F1	P_5	R_5	F1_5
0.2123028	0.5518587360594795	0.5914813929396765	0.5709834993653602	0.7057203827355958	0.4084787632480676	0.5174511041009464
