Opt_Th	P	R	F1	P_5	R_5	F1_5
0.19978546	0.30056581685744016	0.5427799635915204	0.3868901864757958	0.0	0.0	0.0
