Opt_Th	P	R	F1	P_5	R_5	F1_5
0.18240333	0.41715449223721046	0.605601537097251	0.4940169394460018	0.5762430939226519	0.07707655926692285	0.1359666275583366
