Opt_Th	P	R	F1	P_5	R_5	F1_5
0.20358346	0.3465195802885516	0.5894892023268786	0.43646930406820666	0.5189620758483033	0.031078173559646188	0.05864441186421563
