Opt_Th	P	R	F1	P_5	R_5	F1_5
0.20560348	0.5011629866846452	0.5028411012649665	0.5020006415559419	0.6543762922122675	0.3211459108435365	0.43084671930302204
