Opt_Th	P	R	F1	P_5	R_5	F1_5
0.44017354	0.6257909008737571	0.42149766623824664	0.5037186742118027	0.6644707458686914	0.4025569911384699	0.5013690551413287
