Opt_Th	P	R	F1	P_5	R_5	F1_5
0.22781847	0.5210113137843454	0.623924238758511	0.5678425944857741	0.587758076269128	0.4181730204265026	0.48867078638071015
