Opt_Th	P	R	F1	P_5	R_5	F1_5
0.124282114	0.3739656830216275	0.5405289016775305	0.44207863729508196	0.5153383611903791	0.19795642727112572	0.28603753305709156
