Opt_Th	P	R	F1	P_5	R_5	F1_5
0.2064807	0.34743719868053796	0.6071164646763227	0.44195491957609334	0.5311203319502075	0.033106710020691696	0.06232826684289243
