Epoch	Train Loss	Test Loss
1	0.18823522782844046	0.17170908355287143
2	0.13000224044789438	0.17403797645653998
3	0.1219147868130518	0.17548629269003868
4	0.11320314880298532	0.17821386722581728
5	0.10543799724267877	0.17911618309361593
6	0.09931231743615607	0.17873626149126462
7	0.09402191946687906	0.1746302204472678
8	0.08811572372265485	0.19266862528664724
9	0.0814834674415381	0.19354372365134104
10	0.0742431796439316	0.20860429853200912
