Opt_Th	P	R	F1	P_5	R_5	F1_5
0.215693	0.3484516536760059	0.5717001347941797	0.4329934688428465	0.3125	0.00017281305084159955	0.000345435075477564
