Opt_Th	P	R	F1	P_5	R_5	F1_5
0.21202582	0.3603862372425594	0.5983562199824123	0.4498378996885131	0.5317504141358366	0.032571196644794694	0.06138254135194569
