Opt_Th	P	R	F1	P_5	R_5	F1_5
0.2565318	0.3152570946895195	0.4612132244993834	0.3745171904057985	0.49272882805816937	0.0338246520641259	0.06330365974282888
