Opt_Th	P	R	F1	P_5	R_5	F1_5
0.43982464	0.8993015604410963	0.98901164464318	0.9420256268157925	0.901976497312531	0.9852246955718151	0.9417644746392758
