Opt_Th	P	R	F1	P_5	R_5	F1_5
0.4361845	0.8271994867555796	0.9893753596883439	0.9010482462034674	0.8273703703703704	0.9889326663420249	0.9009659400270221
