Opt_Th	P	R	F1	P_5	R_5	F1_5
0.45038268	0.829287831450773	0.9891345891345892	0.9021856188644244	0.8293554036883135	0.9889434889434889	0.9021460991053251
