Opt_Th	P	R	F1	P_5	R_5	F1_5
0.42692256	0.8130724538619275	0.9903217749656579	0.8929865060150517	0.8136237542381588	0.9889272780252258	0.8927511179587388
