Epoch	Train Loss	Test Loss
1	0.17614179705215696	0.18732898543000398
2	0.1554593744195106	0.1726870420793502
3	0.1493956797256433	0.18436444234185262
4	0.14727145776325212	0.1823827297027622
5	0.14242619477413795	0.2800379517420973
6	0.13694545764720578	0.2291136037102943
7	0.13131737062944868	0.24499796356303571
8	0.12411187620236606	0.23930720238780415
9	0.11793497540200538	0.2552834414672628
10	0.10996433322724228	0.2930862263149537
11	0.1026751266828375	0.31393653111441805
