Opt_Th	P	R	F1	P_5	R_5	F1_5
0.46817812	0.8292914611396591	0.9890936390936391	0.9021707327701588	0.8292970448874951	0.9890663390663391	0.9021626803789982
