Opt_Th	P	R	F1	P_5	R_5	F1_5
0.5260106	0.8188635919484073	0.9859842635487903	0.8946866221382959	0.8188458015267176	0.9859989705125377	0.8946820577834123
