Opt_Th	P	R	F1	P_5	R_5	F1_5
0.5089572	0.8190471535575948	0.9858077799838223	0.8947234940000266	0.8188969645147499	0.9859401426575484	0.8946883758174297
