Epoch	Train Loss	Test Loss
1	0.1624569843577142	0.16489367003227545
2	0.14493705962845718	0.24423633365780772
3	0.13574265001708477	0.19273561168604686
4	0.12389453670232912	0.25480424174119953
5	0.1112456271662215	0.2547421474037184
6	0.09958804914850065	0.30224630995674145
7	0.0879796029172809	0.30018778754444864
8	0.07782050763548111	0.3554111705141057
9	0.06857259317829802	0.33215649026845184
10	0.06053351155809454	0.43086017255392883
