Opt_Th	P	R	F1	P_5	R_5	F1_5
0.4335811	0.827279795623681	0.9891540130151844	0.9010040727448687	0.8273703703703704	0.9889326663420249	0.9009659400270221
