Opt_Th	P	R	F1	P_5	R_5	F1_5
0.5461756	0.8972488449795172	0.9881302453092589	0.9404991556973964	0.8964267239842436	0.9887810765076448	0.9403417288217142
