Opt_Th	P	R	F1	P_5	R_5	F1_5
0.46432373	0.8132088856979239	0.9901240477875369	0.8929883757491002	0.8132951436388509	0.9899159139158307	0.8929557103430149
