Opt_Th	P	R	F1	P_5	R_5	F1_5
0.3684901	0.8131440876386444	0.9902905548849019	0.8930170140485553	0.8131965811965812	0.9901344544811223	0.8929851894956169
