Opt_Th	P	R	F1	P_5	R_5	F1_5
0.5070127	0.8292534990444147	0.9890936390936391	0.9021482684993246	0.8292174947932163	0.9891072891072891	0.9021326394681473
