Opt_Th	P	R	F1	P_5	R_5	F1_5
0.37417686	0.8250980006635782	0.990806734841442	0.900391567880706	0.8290959736642188	0.9662815234553691	0.8924475457760637
