Opt_Th	P	R	F1	P_5	R_5	F1_5
0.32682353	0.9013334510827391	0.9898391469380511	0.9435152933795418	0.9068753221789218	0.9730041725677147	0.9387766342945374
