Opt_Th	P	R	F1	P_5	R_5	F1_5
0.5617876	0.8193637553356735	0.9852489153614237	0.8946820160794895	0.8188458015267176	0.9859989705125377	0.8946820577834123
