Opt_Th	P	R	F1	P_5	R_5	F1_5
0.3092327	0.7519357195032871	0.4156504885730437	0.5353650925733305	0.8027155242924914	0.39626907857546634	0.5306012110726643
