Opt_Th	P	R	F1	P_5	R_5	F1_5
0.2659338	0.7580148523818149	0.4059559608109419	0.5287428932406822	0.7791050436101631	0.39858376176156757	0.527369569402554
