Epoch	Train Loss	Test Loss
1	0.10276366256434342	0.03146992962468754
2	0.030101518307266564	0.03174109469083222
3	0.026067725992922126	0.035224619914184914
4	0.022131903353950072	0.04048173502087593
5	0.01951635041242016	0.046877910467711364
6	0.017817197496007228	0.04443930292671377
7	0.015567230285498602	0.04340545714578845
8	0.013471496484146035	0.04537831483916803
9	0.011523600892517073	0.05149835314262997
10	0.01042455409107537	0.05543777583674951
