Opt_Th	P	R	F1	P_5	R_5	F1_5
0.21212105	0.6024335733796871	0.47065670773110874	0.5284539563252192	0.7791050436101631	0.39858376176156757	0.527369569402554
