Opt_Th	P	R	F1	P_5	R_5	F1_5
0.25709695	0.6123196702541791	0.46809628008752735	0.5305818741008977	0.792725988700565	0.39299781181619253	0.5254842296213937
