Opt_Th	P	R	F1	P_5	R_5	F1_5
0.22986637	0.6264053967234179	0.47242186869094727	0.5386244360556118	0.8022351797862002	0.39998384882500204	0.5338147329848575
