Epoch	Train Loss	Test Loss
1	0.037159271860303725	0.04171958354105349
2	0.02116742147846478	0.047482614183709734
3	0.016494887271704516	0.06472972898306895
4	0.013554622323435043	0.05653561711260656
5	0.01141829104119233	0.06853625884114885
6	0.009928664455851801	0.06581800054682761
7	0.008715417114234417	0.06325504843931214
8	0.007763312219981557	0.07303423096178746
9	0.006832519504807402	0.07611026802436024
10	0.006370658466209458	0.07416937658626611
