Opt_Th	P	R	F1	P_5	R_5	F1_5
0.19791104	0.3973362930077691	0.7880399889938549	0.5282995665139729	0.785501304509877	0.38659084655599374	0.5181633782039462
