Opt_Th	P	R	F1	P_5	R_5	F1_5
0.6979269	0.805888854856108	0.4267359617513698	0.5579990779160904	0.8058295010500013	0.4275398599524713	0.5586716241182785
