Opt_Th	P	R	F1	P_5	R_5	F1_5
0.16094033	0.42096074489472013	0.7297991378519674	0.5339372588491863	0.785501304509877	0.38659084655599374	0.5181633782039462
