Opt_Th	P	R	F1	P_5	R_5	F1_5
0.2067646	0.613384188626907	0.46450765864332605	0.5286646411316432	0.792725988700565	0.39299781181619253	0.5254842296213937
