Opt_Th	P	R	F1	P_5	R_5	F1_5
0.08530684	0.38918900765702663	0.5720440874697656	0.4632243144084855	0.7439757852116828	0.13346120486005825	0.22632258681718165
