Opt_Th	P	R	F1	P_5	R_5	F1_5
0.44319242	0.6430175830571345	0.9617174098233278	0.7707206575442691	0.6608383957011414	0.8985721504328583	0.7615838943579246
