Opt_Th	P	R	F1	P_5	R_5	F1_5
0.45193034	0.9841013554390206	0.9839498539686017	0.9840255988724853	0.9863820145057594	0.9814026098959753	0.9838860121032955
