Opt_Th	P	R	F1	P_5	R_5	F1_5
0.49386412	0.9809141920998871	0.9806906854409357	0.9808024260371573	0.981142603123994	0.980457085720949	0.9807997246390845
