Opt_Th	P	R	F1	P_5	R_5	F1_5
0.5310944	0.7499221667940211	0.9754895493677653	0.8479613644610298	0.7499090343867681	0.9755303343777232	0.8479683775756612
