Opt_Th	P	R	F1	P_5	R_5	F1_5
0.49115074	0.9840881617424354	0.9842221369928273	0.9841551448080434	0.9844662735285534	0.983811031751609	0.9841385435747109
