Opt_Th	P	R	F1	P_5	R_5	F1_5
0.52428293	0.9850900649678869	0.9818039221392986	0.9834442484298694	0.9843847903218813	0.9824639370858511	0.983423425737183
