Opt_Th	P	R	F1	P_5	R_5	F1_5
0.31593838	0.7395701643489254	0.7063248815826135	0.722565320665083	0.7775407958774693	0.6306190210829387	0.6964152926998128
