Opt_Th	P	R	F1	P_5	R_5	F1_5
0.14440902	0.21541117442941357	0.493426969264138	0.299898316392764	0.0	0.0	0.0
