Opt_Th	P	R	F1	P_5	R_5	F1_5
0.30193952	0.7367174874409631	0.682722671124733	0.7086931109490898	0.7816988644742663	0.6153872945110058	0.6886440699985709
