Opt_Th	P	R	F1	P_5	R_5	F1_5
0.28159636	0.4263931314502646	0.4486060413690949	0.43721763564767374	0.5311308021829705	0.35910966513251863	0.4285004142502071
