Epoch	Train Loss	Test Loss
1	0.24815197524271512	0.22121091645497543
2	0.10346837184931103	0.20054871073135963
3	0.08517984379278987	0.21000561805871817
4	0.07498997979258236	0.2116768669623595
5	0.06851000476040338	0.24219144193025735
6	0.06145853647275975	0.2665597888139578
7	0.05588534337125326	0.2560439442212765
8	0.04952237853094151	0.2762761368201329
9	0.04712091768650632	0.26978342120464033
10	0.04416990289954763	0.28711334329385024
11	0.041616836562752724	0.2951539181745969
