Opt_Th	P	R	F1	P_5	R_5	F1_5
0.3517056	0.5587192506346844	0.3376315928688568	0.4209094506364176	0.6969429747207525	0.2822171083954928	0.40175091781982497
