Opt_Th	P	R	F1	P_5	R_5	F1_5
0.21439092	0.7276057276057276	0.7102721277979009	0.7188344495358947	0.7852744958625176	0.6026400111451657	0.6819408955655253
