Opt_Th	P	R	F1	P_5	R_5	F1_5
0.20004573	0.42288185618426916	0.4642517060784003	0.44260217751747877	0.6136308732938761	0.26875363698883775	0.3737951585608123
