Opt_Th	P	R	F1	P_5	R_5	F1_5
0.35291812	0.5905412828530381	0.6490085446271013	0.6183960176991151	0.6635811814236486	0.5343178229776168	0.591975201456014
