Epoch	Train Loss	Test Loss
1	0.15929173790410753	0.16174348344842293
2	0.15257740750055482	0.1770744264450305
3	0.14920316910297335	0.18298961161019614
4	0.14560893676879647	0.20337624582844213
5	0.14055632363332002	0.2409455366885068
6	0.1338888396184875	0.23752539992251337
7	0.12599429279434524	0.2525562201462798
8	0.11710032585696502	0.2827017668016891
9	0.10793615751592073	0.2808419649755985
10	0.09865397528667282	0.3315375941607421
