Opt_Th	P	R	F1	P_5	R_5	F1_5
0.44325534	0.8699444577279016	0.9720177304545213	0.9181528728953671	0.875860771042363	0.9640858002639159	0.9178581003802275
