Opt_Th	P	R	F1	P_5	R_5	F1_5
0.5420777	0.9063451685226891	0.990741149899136	0.9466658904742904	0.906339845721289	0.9907461362185668	0.9466652632487452
