Opt_Th	P	R	F1	P_5	R_5	F1_5
0.5612064	0.9063505988980302	0.9907268787090407	0.9466623376868752	0.906339845721289	0.9907461362185668	0.9466652632487452
