Opt_Th	P	R	F1	P_5	R_5	F1_5
0.48458454	0.7532863237287771	0.9812022320296517	0.8522699325356965	0.753334490114898	0.9811409173464932	0.8522776275990946
