Opt_Th	P	R	F1	P_5	R_5	F1_5
0.3510202	0.8675954471392233	0.9724556924770825	0.9170376987605555	0.8795572111931659	0.9536255153170647	0.9150950275116966
