Opt_Th	P	R	F1	P_5	R_5	F1_5
0.5490481	0.9056413156389899	0.9902126000394664	0.9460406568732102	0.9045312028040019	0.9913486784734686	0.9459521369397638
