Epoch	Train Loss	Test Loss
1	0.17088183890617892	0.1537341653327247
2	0.15971338372136	0.16246612793087362
3	0.15818721222063517	0.16042632424277276
4	0.15721571296453477	0.16001360109653107
5	0.15621675935610801	0.16195490232464457
6	0.1556563470791615	0.15965029117113083
7	0.1550754915512606	0.15854079764292667
8	0.15474075026449127	0.15687497606004902
9	0.15439483939551046	0.1582665173570864
10	0.15416884094739275	0.15696629624146113
