Opt_Th	P	R	F1	P_5	R_5	F1_5
0.26198617	0.6264202192851701	0.491501195550473	0.5508191946406465	0.7966676643719445	0.415063935960079	0.5457776562660196
