Opt_Th	P	R	F1	P_5	R_5	F1_5
0.27113748	0.5426055183398135	0.6020896143050213	0.5708020204509054	0.795655631772542	0.4160255743840316	0.5463699354882752
