Opt_Th	P	R	F1	P_5	R_5	F1_5
0.114363745	0.4058302145096555	0.5854751841890625	0.4793750137978232	0.7592731036862385	0.1779943782734424	0.2883837253113891
