Opt_Th	P	R	F1	P_5	R_5	F1_5
0.13850914	0.4918058645316044	0.6094854839470721	0.5443582858725361	0.7654786680541104	0.15867559132609385	0.2628625666508473
