Opt_Th	P	R	F1	P_5	R_5	F1_5
0.21341422	0.7824366706875754	0.42145753196798	0.5478285839766219	0.795975713783933	0.4122829815989188	0.5432069172159917
