Opt_Th	P	R	F1	P_5	R_5	F1_5
0.27343512	0.7773841440061279	0.4220293169768167	0.547065561619837	0.7966676643719445	0.415063935960079	0.5457776562660196
