Opt_Th	P	R	F1	P_5	R_5	F1_5
0.12545018	0.43923730125384225	0.5355537131032065	0.4826371276618363	0.6777517870871705	0.27928656650017186	0.3955682002615927
