Epoch	Train Loss	Test Loss
1	0.06159805016772401	0.029133693547919393
2	0.0241216478508807	0.030378526821732522
3	0.0191814141468175	0.04329265281558037
4	0.01547934238107935	0.03797745723277331
5	0.013210609164689817	0.035850660782307385
6	0.01118474853255095	0.04429126898758114
7	0.009699203013893097	0.049219842348247764
8	0.008456957969634284	0.04820314534008503
9	0.007435036883238823	0.05190672893077135
10	0.006624098341431349	0.05517262937501073
