Epoch	Train Loss	Test Loss
1	0.05053200261351073	0.039525900979673394
2	0.02372959333489526	0.04893422721100873
3	0.01869610638340127	0.04895221846374242
4	0.015125881666141861	0.05639419511058613
5	0.012597965146854238	0.05120281924150492
6	0.010538719552305509	0.05531197722609106
7	0.009187273816469143	0.058878653768548055
8	0.007949110099448348	0.05984355824215239
9	0.007035373838372388	0.0628000520120718
10	0.006357258781439291	0.06047752874560262
