Opt_Th	P	R	F1	P_5	R_5	F1_5
0.64015305	0.8038133078768802	0.42001172878202664	0.5517308552226714	0.8037337453328184	0.4207936475838035	0.5523862615751495
