Opt_Th	P	R	F1	P_5	R_5	F1_5
0.16252801	0.6962429359715953	0.35682569758410315	0.47183509868149215	0.9418644217100752	0.28636961126028593	0.439201880203098
