Opt_Th	P	R	F1	P_5	R_5	F1_5
0.08985978	0.2594400229983208	0.8498019753167573	0.3975194670866999	0.18269310545092507	0.007237350248968793	0.013923138207064001
