Opt_Th	P	R	F1	P_5	R_5	F1_5
0.27481386	0.8564439393432942	0.46056535671230775	0.5990062630675393	0.9172770548288461	0.422224206154237	0.5782698196407257
