Epoch	Train Loss	Test Loss
1	0.07787720106278544	0.06863611407680523
2	0.072220421517533	0.06889081393889741
3	0.07093076868829694	0.07051109613150085
4	0.07017322755045063	0.06994802735045279
5	0.06958201406740545	0.07367062214078433
6	0.06887411666235295	0.07259637441212705
7	0.06832377304346321	0.07339996332729902
8	0.06781307336929751	0.07323384953987434
9	0.06729955810208173	0.07273130632783158
10	0.06685959584721725	0.07344923416203862
