Opt_Th	P	R	F1	P_5	R_5	F1_5
0.14253439	0.17486078121166984	0.4027518621209994	0.24385028983644305	0.8298213294301721	0.11125358848436968	0.19620244667568643
