Epoch	Train Loss	Test Loss
1	0.10396824268635436	0.07416015004722076
2	0.0794163254427951	0.07215366136163064
3	0.07680803824077916	0.07598275816016788
4	0.07584055223863016	0.07767181219789412
5	0.0750310637853956	0.07712930153388906
6	0.0744437180440214	0.07706471990127492
7	0.07387248336034566	0.07635276372023268
8	0.07341636142936937	0.07356259761668674
9	0.07306333683026156	0.07789957070501026
10	0.07289164171998515	0.07509159411243889
11	0.0721593857312943	0.07283903452260164
