Opt_Th	P	R	F1	P_5	R_5	F1_5
0.30912212	0.9030482219780194	0.46136046074091475	0.6107125365587667	0.9402826710049241	0.4391209157297581	0.5986613221934777
