Epoch	Train Loss	Test Loss
1	0.20149769527571543	0.1496746746562822
2	0.19159140222328752	0.15074146033254682
3	0.19021115310428557	0.15178580311757903
4	0.18953337202809636	0.1547454648941595
5	0.18882458314844963	0.1540936907372808
6	0.1882942179756716	0.1560433860667931
7	0.18775921363335152	0.1577088619952881
8	0.18731847818866107	0.15977136263002953
9	0.18689288973034202	0.15943710185507293
10	0.18657230723917553	0.1586779746156867
