Opt_Th	P	R	F1	P_5	R_5	F1_5
0.15429106	0.23088752104155152	0.5246608075428829	0.320661508094905	0.0	0.0	0.0
