Epoch	Train Loss	Test Loss
1	0.1995222980361058	0.153471227555025
2	0.19174781934288906	0.15288019989446927
3	0.1904541827571153	0.1551166343432601
4	0.18968952275645493	0.15531294354267658
5	0.18892994764070725	0.1556719763364683
6	0.18851369413532923	0.15442111673614672
7	0.1879109939232627	0.1545326408118971
8	0.18775449049303916	0.1554051930966076
9	0.18725585608513323	0.15777146091224045
10	0.18683908478639483	0.1551290266115659
11	0.18670220124186704	0.15629519255811808
