Opt_Th	P	R	F1	P_5	R_5	F1_5
0.12298533	0.17870240852661956	0.38750471556873567	0.24460316036537055	0.81356561302682	0.11494822601572928	0.20143571378809955
