Opt_Th	P	R	F1	P_5	R_5	F1_5
0.15108667	0.19189293059590604	0.3412447748115041	0.24564932933820366	0.783187933728916	0.11063696972055075	0.19388481877170163
