Opt_Th	P	R	F1	P_5	R_5	F1_5
0.31923276	0.8947627451922967	0.4684079464865629	0.61491049158639	0.9300500237320736	0.44849439532548335	0.6051632682265455
