Opt_Th	P	R	F1	P_5	R_5	F1_5
0.37344322	0.9027801987101273	0.4716974122869037	0.6196377157231754	0.9371447159459152	0.45398762345982296	0.6116630177858721
