Opt_Th	P	R	F1	P_5	R_5	F1_5
0.123251446	0.08349822177145998	0.8585473172431644	0.15219471103583002	0.0	0.0	0.0
