Opt_Th	P	R	F1	P_5	R_5	F1_5
0.14683656	0.2158765132630722	0.310440057720253	0.25466314736253415	0.8265950327655652	0.11074692917088882	0.19532436456291416
