{
    "train_stu": {
        "train_loss_1": 0.011211405197779337,
        "test_loss_1": 0.037233784794807434,
        "train_loss_2": 0.012186246500773863,
        "test_loss_2": 0.028796641156077385,
        "train_loss_3": 0.01131835300475359,
        "test_loss_3": 0.014458551770076156,
        "train_loss_4": 0.009530449596544107,
        "test_loss_4": 0.02223850352068742,
        "train_loss_5": 0.011834010481834412,
        "test_loss_5": 0.03330263867974281,
        "opt_threshold": 0.48189276456832886,
        "precision": 0.57761685319289,
        "precision_5": 0.6072465983794527,
        "recall": 0.439975930197573,
        "recall_5": 0.3983552301674857,
        "accuracy": 0.49948764659000344,
        "accuracy_5": 0.4811046511627907
    },
    "step": 51
}