{
    "train_tch_5": {
        "train_loss": 0.013668198448916277,
        "test_loss": 0.028479265049099922
    },
    "step": 51
}