{
    "train_tch_1": {
        "train_loss": 0.010328583504852593,
        "test_loss": 0.02461532386285918
    },
    "step": 34
}