{
    "train_stu": {
        "train_loss_1": 0.01198025606572628,
        "test_loss_1": 0.037293896079063416,
        "train_loss_2": 0.013653872957961126,
        "test_loss_2": 0.02879277430474758,
        "train_loss_3": 0.012350167147815228,
        "test_loss_3": 0.014432625845074654,
        "train_loss_4": 0.010453397097686926,
        "test_loss_4": 0.02226547027627627,
        "train_loss_5": 0.01300490771730741,
        "test_loss_5": 0.03338348865509033,
        "opt_threshold": 0.4815719723701477,
        "precision": 0.576580120639916,
        "precision_5": 0.6075137446548564,
        "recall": 0.4409788386320329,
        "recall_5": 0.39895697522816165,
        "accuracy": 0.49974427459226,
        "accuracy_5": 0.48162721714389484
    },
    "step": 51
}