{
    "train_tch_5": {
        "train_loss": 0.032247417916854225,
        "test_loss": 0.04011721536517143
    },
    "step": 51
}