step	train_tch_2/train_loss
1	0.3495684573144624
2	0.030944563391985314
3	0.02068935978141698
4	0.01867763099796844
5	0.01774424957958135
6	0.017189635528307972
7	0.016825434384923992
8	0.01655009676786986
9	0.016362765803933144
10	0.016204596412452785
11	0.01614050507884134
12	0.016026354479518803
13	0.01594879368150776
14	0.01594769387421283
15	0.015859881923957306
