Opt_Th	P	R	F1	P_5	R_5	F1_5
0.46311706	0.9860828227621979	0.981437570149117	0.9837547128093591	0.9871071915214349	0.9803529789037267	0.983718491740761
