Opt_Th	P	R	F1	P_5	R_5	F1_5
0.4860392	0.9794389398372385	0.9829082267112499	0.9811705165509805	0.9801061610957451	0.982205692125691	0.9811548034379312
