Opt_Th	P	R	F1	P_5	R_5	F1_5
0.43112832	0.7764981438424248	0.9689751449810311	0.8621242230688946	0.7815095696134065	0.9601683780152567	0.8616756925478299
