Opt_Th	P	R	F1	P_5	R_5	F1_5
0.4588909	0.9508643171088471	0.9278069954417391	0.9391941626359033	0.95506746574109	0.9232404883523834	0.9388843310370145
