Opt_Th	P	R	F1	P_5	R_5	F1_5
0.4684173	0.9699671745547107	0.9740522773898019	0.9720054338173717	0.9720032469540886	0.9718267346731989	0.9719149827994178
