Opt_Th	P	R	F1	P_5	R_5	F1_5
0.3736674	0.6613068946619658	0.8701209428041322	0.7514777576698985	0.6957682010674499	0.7968502187507158	0.7428865085129133
