Opt_Th	P	R	F1	P_5	R_5	F1_5
0.48694867	0.9759459695033199	0.9720363286529079	0.9739872257130008	0.976468605505977	0.9714783425338434	0.9739670819760827
