Opt_Th	P	R	F1	P_5	R_5	F1_5
0.5007574	0.9757446018389363	0.9819536942364201	0.9788393015693848	0.9756805286193575	0.9820145553454477	0.9788372952655121
