Epoch	Train Loss	Test Loss
1	0.40749738195486235	0.2325881950557232
2	0.15086829296329565	0.22599678263068199
3	0.14027474506905205	0.22622137069702147
4	0.13587690327774016	0.22842451483011245
5	0.13508051594621256	0.229855677485466
6	0.1347628425349269	0.23076599687337876
7	0.13452368347268356	0.23227335438132285
8	0.13434511579965291	0.23321292102336882
9	0.13430395539392503	0.23355046585202216
10	0.13428597426728198	0.23447575122117997
11	0.13423430161517963	0.23490101397037505
