Opt_Th	P	R	F1	P_5	R_5	F1_5
0.4073767	0.7549728294295989	0.6968735598405055	0.7247607007404733	0.7782705614637998	0.6715801847411553	0.7209998530049727
