Opt_Th	P	R	F1	P_5	R_5	F1_5
0.051068638	0.11607754956536047	0.352016632016632	0.17458549863895076	0.0	0.0	0.0
