Epoch	Train Loss	Test Loss
1	0.17270296393779286	0.20861269161105156
2	0.09984877627146871	0.18399601355195044
3	0.08985610070981477	0.1972812071442604
4	0.08410027806173291	0.19356132596731185
5	0.08089242365799452	0.20175100192427636
6	0.07977397177825894	0.19927856028079988
7	0.07697042430702009	0.21115704700350763
8	0.0738839700556638	0.2184927985072136
9	0.0719664095525156	0.21806829199194908
10	0.06806401843041704	0.22524120658636093
11	0.06430714342154954	0.23849816098809243
