Opt_Th	P	R	F1	P_5	R_5	F1_5
0.090395495	0.15627866557234588	0.2691891891891892	0.197751848005376	0.0	0.0	0.0
