Opt_Th	P	R	F1	P_5	R_5	F1_5
0.2521366	0.6982677828002372	0.7315108567154011	0.7145028606470215	0.7882732373226602	0.5893082559125853	0.6744224264776136
