Opt_Th	P	R	F1	P_5	R_5	F1_5
0.38759694	0.7718028390371209	0.715027083347248	0.7423309480224108	0.7954099828627009	0.6881975381203956	0.7379299231912342
