Opt_Th	P	R	F1	P_5	R_5	F1_5
0.3577871	0.7821429344336799	0.724157277105054	0.7520340146906841	0.8046207935710699	0.6847845688371192	0.7398817234175366
