Opt_Th	P	R	F1	P_5	R_5	F1_5
0.41375688	0.6273504049827932	0.6404360051561885	0.6338256728217366	0.6937870306720351	0.5662323089972816	0.6235533375747925
