Opt_Th	P	R	F1	P_5	R_5	F1_5
0.108068675	0.12560110460410417	0.21937629937629938	0.15974324815308222	0.0	0.0	0.0
