Epoch	Train Loss	Test Loss
1	0.19924212613126688	0.19894568175077437
2	0.0863659543949261	0.2001576840877533
3	0.07618047244716109	0.2054832398891449
4	0.06868002883959234	0.22715680450201034
5	0.061446706584671086	0.22368735522031785
6	0.054841199661033194	0.23965375497937202
7	0.0496645065253241	0.24212443456053734
8	0.04810368531105811	0.2740934886038303
9	0.042754016620548146	0.26728125512599943
10	0.0387074883308327	0.26524222940206527
