Opt_Th	P	R	F1	P_5	R_5	F1_5
0.06897771	0.12382279816168161	0.2733471933471934	0.17043893080293485	0.0	0.0	0.0
