Opt_Th	P	R	F1	P_5	R_5	F1_5
0.10623707	0.13486123378736461	0.24124740124740124	0.1730081106870229	0.0	0.0	0.0
