Opt_Th	P	R	F1	P_5	R_5	F1_5
0.598592	0.75170524272953	0.9870955652717052	0.8534674104997111	0.7516860879904875	0.9871455340412242	0.853473741055758
