Epoch	Train Loss	Test Loss
1	0.1743933581415264	0.17531321150843146
2	0.15605081620686811	0.17621832427445372
3	0.15098658538070217	0.18666035959326283
4	0.14588558729238438	0.20169387329125768
5	0.14271616720490984	0.2113064085180821
6	0.1380073794231561	0.24111373512700657
7	0.1333112797004053	0.24461300854653859
8	0.12704728395888631	0.27715174750231064
9	0.11999671567673884	0.2691799397221082
10	0.11324117340118948	0.29109747153676346
