Opt_Th	P	R	F1	P_5	R_5	F1_5
0.5955595	0.751667063020214	0.9871205496564647	0.8534521398676927	0.7484550694510064	0.9894940662086196	0.8522595222724338
