Opt_Th	P	R	F1	P_5	R_5	F1_5
0.3826036	0.9016750672706092	0.9893852686927967	0.9434961029423129	0.9060500155780432	0.9808606099885441	0.9419723000321275
