Opt_Th	P	R	F1	P_5	R_5	F1_5
0.5017201	0.7516837258856208	0.9871330418488444	0.8534675494399862	0.7516860879904875	0.9871455340412242	0.853473741055758
