Opt_Th	P	R	F1	P_5	R_5	F1_5
0.49292666	0.9030507388063882	0.9861276723332848	0.9427625446140645	0.9033297308127068	0.985678076709817	0.9427089799803794
