Opt_Th	P	R	F1	P_5	R_5	F1_5
0.45497802	0.89867578330538	0.9872486844430042	0.9408823099562152	0.8999966230962356	0.984632887744293	0.9404143030362885
