Opt_Th	P	R	F1	P_5	R_5	F1_5
0.5814572	0.750952430717197	0.987420362273579	0.8531032286961637	0.7468088301546779	0.9939787632729544	0.8528462865901368
