Opt_Th	P	R	F1	P_5	R_5	F1_5
0.5509889	0.885907768800135	0.9902083823554556	0.9351588366417317	0.8858969053391152	0.9902272109214639	0.9351611805794477
