Epoch	Train Loss	Test Loss
1	0.1638384239369882	0.16160492336830284
2	0.14538227227798367	0.16937477562137307
3	0.13617394394116383	0.18776539209931872
4	0.1251813119227402	0.22289613015635218
5	0.11306585058056075	0.27203236055578034
6	0.10081902819460836	0.25465378102004593
7	0.08995883620675953	0.2793816993300419
8	0.07931553440532466	0.32110326937698047
9	0.06973643901533094	0.3407520875090725
10	0.06241328445944749	0.3754669324873799
