Epoch	Train Loss	Test Loss
1	0.06535216093632495	0.03153942116513485
2	0.02215606315682332	0.03506100379930037
3	0.017326835258346465	0.04260298555217138
4	0.014110053837713268	0.052798913746345336
5	0.01179405371658504	0.06164761780329594
6	0.01003337859098489	0.04972382996049596
7	0.008650126763516001	0.050632798226504794
8	0.00741372863154134	0.06674697822550447
9	0.006656170722433469	0.07070856863950811
10	0.005840790655282844	0.05919283228676494
