Opt_Th	P	R	F1	P_5	R_5	F1_5
0.14112477	0.44773557039935824	0.5639725393542783	0.4991767174009345	0.7497183005236296	0.10681133554302766	0.18698340276400183
