Opt_Th	P	R	F1	P_5	R_5	F1_5
0.24568205	0.49522273124298116	0.5246890846766198	0.5095302505788761	0.7154145957735903	0.3778766159570148	0.4945406009973367
