Epoch	Train Loss	Test Loss
1	0.05435292001117717	0.0355135690420866
2	0.030059500525777157	0.037412062084132974
3	0.02779345760879281	0.040347236276350236
4	0.025614708958828187	0.04843239577656443
5	0.023132720266233434	0.04462114616551183
6	0.02040697020161283	0.04794338169423017
7	0.017810227221471596	0.05290395658124577
8	0.015546588539299402	0.05435471743006598
9	0.013648274779360701	0.05198099550537088
10	0.011876124341122724	0.05326279222287915
