Opt_Th	P	R	F1	P_5	R_5	F1_5
0.18933399	0.5497445114369011	0.6500518954183759	0.5957051706665307	0.8679447305358691	0.2103370730984036	0.3386145506986921
