Epoch	Train Loss	Test Loss
1	0.03936734054392824	0.03387699639651834
2	0.018268742242879752	0.044469859632777005
3	0.014383792301588174	0.048149012960493565
4	0.011838863112239374	0.06014544130643693
5	0.00998096753998349	0.057629650594984615
6	0.008522251795511693	0.06251757841829847
7	0.007529114127262599	0.053103723540538696
8	0.006639905946536196	0.06887542320097365
9	0.005857873565724326	0.07304974093397217
10	0.005352136617552282	0.06893392654544697
