Opt_Th	P	R	F1	P_5	R_5	F1_5
0.25831938	0.8979956198819272	0.4661073493797262	0.6136814706360826	0.9145422184997121	0.43173281273167596	0.5865634810052208
