Opt_Th	P	R	F1	P_5	R_5	F1_5
0.1754305	0.44352779275317084	0.5904322124328357	0.5065439565113482	0.7026545002073828	0.15997620329187795	0.2606167360219065
