Opt_Th	P	R	F1	P_5	R_5	F1_5
0.21894619	0.6034225906260743	0.4475197597665656	0.5139074140342887	0.7571893187264636	0.16708688631405988	0.27376319962866974
