Epoch	Train Loss	Test Loss
1	0.06306409869588665	0.04061000480909239
2	0.026859423043308676	0.050455524298277765
3	0.021686066218375506	0.05526627490127629
4	0.017545423045713496	0.0508398570289666
5	0.014310691874105852	0.06747079034420576
6	0.012030205668902004	0.05663628026165746
7	0.010259554946569951	0.06084533525122838
8	0.008836476516060449	0.06621976691213521
9	0.007793807112458316	0.06619298830628395
10	0.007031165319239046	0.07061011276461861
