Opt_Th	P	R	F1	P_5	R_5	F1_5
0.78523725	0.9187529976019184	0.4733850640043493	0.6248287559527692	0.9185773778181993	0.47422527553995947	0.6255195006274752
