Epoch	Train Loss	Test Loss
1	0.05271848229070505	0.03232836848261153
2	0.024480412054496508	0.03459158021865821
3	0.021663839566624828	0.03550157939061159
4	0.018741180874510772	0.04177191285643636
5	0.01583138211733765	0.04055624423412288
6	0.013359798933379352	0.043759116834801874
7	0.011054566395210309	0.047376236242310306
8	0.009148523829127144	0.05673756180103959
9	0.007415921728049095	0.05877502707809937
10	0.006113850133260712	0.059736951708611916
