Opt_Th	P	R	F1	P_5	R_5	F1_5
0.10356353	0.3446903179541618	0.5764563679802072	0.4314164764415297	0.6453028972783144	0.11105130456953455	0.18949251133974107
