Opt_Th	P	R	F1	P_5	R_5	F1_5
0.16619372	0.47364099904934753	0.6771734295457915	0.5574088953529766	0.86738768718802	0.19323629713833837	0.31606071017158105
