Opt_Th	P	R	F1	P_5	R_5	F1_5
0.12491527	0.4924697422393275	0.6008006721692285	0.5412680124897727	0.8798950343157045	0.26930015321504475	0.4123857637509224
