Epoch	Train Loss	Test Loss
1	0.04155520769347856	0.04162092737176202
2	0.023867807412458645	0.046881725672971115
3	0.01912362680125695	0.05067389026622881
4	0.015476186810941487	0.04932939520275051
5	0.012751805028049172	0.06298584299670025
6	0.010912723163818265	0.05679982077669014
7	0.009455805728826058	0.07042594751851125
8	0.00831984396982979	0.06655137759040702
9	0.007418694806152156	0.06452359960160473
10	0.006645122875592538	0.06755929917774417
