Opt_Th	P	R	F1	P_5	R_5	F1_5
0.18680678	0.14070080862533693	0.6850393700787402	0.23345259391771017	0.13838120104438642	0.5564304461942258	0.2216414009409305
