Opt_Th	P	R	F1	P_5	R_5	F1_5
0.11110826	0.3964146451953951	0.47579357308100756	0.4324920047918786	0.9575504785595682	0.1820262483740051	0.30590186184293927
