Opt_Th	P	R	F1	P_5	R_5	F1_5
0.44755384	0.9764072740135851	0.9761954568469736	0.9763013539413801	0.9786161874274889	0.9737476432217074	0.9761758450618963
