Opt_Th	P	R	F1	P_5	R_5	F1_5
0.47575176	0.9643124541239524	0.9831490596704491	0.9736396594079819	0.9658117714939154	0.9814422361854072	0.9735642715444629
