Opt_Th	P	R	F1	P_5	R_5	F1_5
0.4596241	0.9575491429960219	0.966032313327436	0.9617720223828198	0.9604470929413316	0.9629801800471515	0.9617119685002457
