Opt_Th	P	R	F1	P_5	R_5	F1_5
0.42334062	0.8015301042139122	0.970752797478205	0.8780625149469762	0.806929112597087	0.962312613552596	0.877797591836
