Opt_Th	P	R	F1	P_5	R_5	F1_5
0.48655334	0.9675744719675198	0.9588177856535812	0.9631762264373716	0.9683246657259961	0.9580625878183399	0.9631662931603023
