Opt_Th	P	R	F1	P_5	R_5	F1_5
0.4289475	0.9709373293252734	0.9779517868415679	0.9744319348372238	0.9746886923923842	0.9734410523049142	0.9740644728357852
