Opt_Th	P	R	F1	P_5	R_5	F1_5
0.5758503	0.9802868592988241	0.9733404527570572	0.9768013065476827	0.977311531214685	0.9759788587152489	0.9766447403433706
