Opt_Th	P	R	F1	P_5	R_5	F1_5
0.44834182	0.824564903490734	0.9819929654020917	0.8964195929595123	0.830178863294412	0.9739792933307441	0.8963482715086681
