Opt_Th	P	R	F1	P_5	R_5	F1_5
0.47436646	0.986509605674287	0.98600542112365	0.986257448962942	0.9870484460543199	0.9854265934775428	0.9862368529879675
