Opt_Th	P	R	F1	P_5	R_5	F1_5
0.4976044	0.9359299800275799	0.9189824277881308	0.9273787825898194	0.9362871814881654	0.9186137289940812	0.927366259120108
