Opt_Th	P	R	F1	P_5	R_5	F1_5
0.47489372	0.9796537252933485	0.9827310080076778	0.9811899538543006	0.9808862813253137	0.981399394175689	0.9811427706642457
