Opt_Th	P	R	F1	P_5	R_5	F1_5
0.45470938	0.6775822930349416	0.8800841566939779	0.7656702640802304	0.6904306270221381	0.8411957228147393	0.7583929205882057
