Opt_Th	P	R	F1	P_5	R_5	F1_5
0.5057335	0.9411338961116322	0.9626485161408455	0.951769637907092	0.9401840401038017	0.9636293895822843	0.9517623507988575
