Opt_Th	P	R	F1	P_5	R_5	F1_5
0.53606415	0.9823955858801191	0.9773913977648271	0.9798871028886497	0.9812467465417338	0.9784422927806278	0.9798425129752372
