Opt_Th	P	R	F1	P_5	R_5	F1_5
0.52217853	0.982109025798751	0.9815733621893796	0.981841120933497	0.9812965570582722	0.9823348296267342	0.9818154188485391
