Opt_Th	P	R	F1	P_5	R_5	F1_5
0.5082878	0.970694517267278	0.9677632379501806	0.9692266613111568	0.9701056049764787	0.9683105893119278	0.9692072660323797
