Opt_Th	P	R	F1	P_5	R_5	F1_5
0.36391723	0.5667917867998036	0.9621361378140492	0.7133506451378553	0.6630316692856859	0.6305346405961527	0.6463749590619834
