Opt_Th	P	R	F1	P_5	R_5	F1_5
0.4358512	0.9353288720248362	0.9012908564688012	0.91799445151194	0.9420239856717701	0.8945616182932317	0.9176795236489693
