Opt_Th	P	R	F1	P_5	R_5	F1_5
0.44263902	0.9681466470674316	0.9753891371502265	0.9717543977180837	0.9724803245538808	0.9701608638757918	0.9713192095283926
