Opt_Th	P	R	F1	P_5	R_5	F1_5
0.41896418	0.9807219786386938	0.9831025844610326	0.9819108386297094	0.983779440200336	0.9797776539540375	0.9817744691990317
