Opt_Th	P	R	F1	P_5	R_5	F1_5
0.17702924	0.42898718355315935	0.5749324932493249	0.4913514033269586	0.5040285701842254	0.2893539353935394	0.3676477595819369
