Opt_Th	P	R	F1	P_5	R_5	F1_5
0.22840683	0.43452289522639226	0.6295435438405618	0.5141616600191852	0.5683060109289617	0.16972454379110824	0.2613861386138614
