Opt_Th	P	R	F1	P_5	R_5	F1_5
0.14978121	0.3996977571368018	0.5422542254225422	0.4601886332049609	0.5279085406859448	0.23552355235523553	0.3257261410788381
