Epoch	Train Loss	Test Loss
1	0.20366535308184447	0.20185459487968022
2	0.12972750928666857	0.20803351203600565
3	0.11258968048625523	0.2064245326651467
4	0.09178167471179256	0.20850691530439588
5	0.08066777995339146	0.2332098450925615
6	0.07532725427989606	0.2325504289733039
7	0.06712198050485717	0.25040529999468064
8	0.06030690918366114	0.24605092075135973
9	0.055348362773656845	0.2698678324619929
10	0.052739378340818266	0.2674438390466902
