Opt_Th	P	R	F1	P_5	R_5	F1_5
0.20424196	0.540112780173435	0.5636714306908659	0.5516406930597232	0.6473720185631543	0.44495821176005146	0.5274110112985243
