Opt_Th	P	R	F1	P_5	R_5	F1_5
0.21517508	0.4138215464065414	0.5902754687060389	0.4865440362620566	0.0	0.0	0.0
