Opt_Th	P	R	F1	P_5	R_5	F1_5
0.17814326	0.227299217716809	0.48044441285859807	0.30859942634986576	0.0	0.0	0.0
