Opt_Th	P	R	F1	P_5	R_5	F1_5
0.18529807	0.5334633032975916	0.5739059262859043	0.5529461051282683	0.6988993710691824	0.3183364452515538	0.4374308057288463
