Opt_Th	P	R	F1	P_5	R_5	F1_5
0.31254947	0.7329283489096573	0.6017597258101645	0.6608986333693835	0.8185240059264005	0.5228278384530782	0.6380833463399407
