Opt_Th	P	R	F1	P_5	R_5	F1_5
0.09876682	0.3762912643161913	0.6703170317031704	0.4820035237855525	0.5138842792344286	0.3484098409840984	0.415269768897233
