Opt_Th	P	R	F1	P_5	R_5	F1_5
0.21167108	0.6385325743200506	0.6240542010780872	0.6312103742793903	0.7541099985054551	0.4990603827703872	0.6006308960509479
