Opt_Th	P	R	F1	P_5	R_5	F1_5
0.23219977	0.34445763330898466	0.565931593159316	0.428255193552049	0.5258757961783439	0.033028302830283025	0.06215300649289544
