Opt_Th	P	R	F1	P_5	R_5	F1_5
0.33356816	0.6430709447040908	0.6264419264905235	0.6346475260096134	0.7014555393122736	0.5645445942143898	0.6255969842552046
