Opt_Th	P	R	F1	P_5	R_5	F1_5
0.17300494	0.3576018486277737	0.5352379598701822	0.4287489918876607	0.4766684570968175	0.336365574586028	0.3944111887334898
