Opt_Th	P	R	F1	P_5	R_5	F1_5
0.28285122	0.3794091002074871	0.30755928268542865	0.33972681599330123	0.48724666337123085	0.23350626584227607	0.3157119292795029
