Opt_Th	P	R	F1	P_5	R_5	F1_5
0.16546714	0.5708771072562913	0.5842084208420842	0.5774658329832194	0.6805688336520076	0.42716771677167714	0.524884792626728
