Opt_Th	P	R	F1	P_5	R_5	F1_5
0.22224982	0.4043177777032241	0.6164923139882855	0.4883548945912817	0.5670750863964813	0.09233445021357137	0.15881046125420673
