Opt_Th	P	R	F1	P_5	R_5	F1_5
0.62820363	0.7371894409937888	0.9868947285175227	0.8439592290227524	0.7355989232839838	0.9879567074135165	0.84330308494942
