Opt_Th	P	R	F1	P_5	R_5	F1_5
0.35327366	0.75742034046268	0.9990970950013086	0.8616327359725545	0.7629220182095615	0.9879350955247318	0.8609696713973737
