Opt_Th	P	R	F1	P_5	R_5	F1_5
0.3918991	0.7509451418909219	0.988016034587697	0.8533207656612528	0.7512898742871748	0.9871135643377338	0.8532063492063492
