Opt_Th	P	R	F1	P_5	R_5	F1_5
0.37783143	0.7359200470311581	0.989967688727207	0.8442461846770463	0.7371814345991561	0.9869173238131821	0.8439622440994329
