Opt_Th	P	R	F1	P_5	R_5	F1_5
0.26568094	0.7646256165602006	0.9899110180581	0.8628048085038437	0.766010152284264	0.9873331588589375	0.8627029499199633
