Opt_Th	P	R	F1	P_5	R_5	F1_5
0.52082735	0.9033408454762493	0.9871977401095288	0.9434095109214289	0.9027611830689246	0.9878117140982148	0.9433733795770259
