Epoch	Train Loss	Test Loss
1	0.1628839182158005	0.17277681428562758
2	0.14417955533060345	0.18658305463649735
3	0.13432341025358724	0.20251294408718978
4	0.12246630330482507	0.23138495161311257
5	0.10983935328564952	0.2559570252587187
6	0.09750061498837222	0.2570789914120038
7	0.08693144663605833	0.31464200212291576
8	0.07627716308921713	0.32131886907265483
9	0.06750538957826162	0.4434613185661325
10	0.06095008267368117	0.3993246478927192
