Opt_Th	P	R	F1	P_5	R_5	F1_5
0.56868297	0.7511976239141543	0.9873234411400508	0.8532252360094675	0.7510056829065832	0.9873864041807459	0.8531249149975972
