Opt_Th	P	R	F1	P_5	R_5	F1_5
0.2585525	0.9011544159056989	0.9913550867522601	0.9441051819319057	0.9095086524761504	0.9699391976104752	0.9387524027994092
