Epoch	Train Loss	Test Loss
1	0.06762943518064592	0.03731678353577125
2	0.024113489652349464	0.05056393007952266
3	0.01879018630184557	0.042154077803943216
4	0.015261366943140392	0.046571729909174325
5	0.012563654970701622	0.05515564174005171
6	0.010810171051517777	0.0487007086006243
7	0.009308760189383791	0.05912464093871233
8	0.00815111073071434	0.05394096656634313
9	0.007252886533683193	0.05404861107832048
10	0.006357756375834561	0.06358463296712172
