Opt_Th	P	R	F1	P_5	R_5	F1_5
0.25261244	0.9180327868852459	0.6296296296296297	0.7469595919968615	0.9188248936992656	0.6288359788359789	0.7466624784042719
