Epoch	Train Loss	Test Loss
1	0.07223896158393472	0.040620882713864014
2	0.02925365782963733	0.04659881470941527
3	0.024154624216155045	0.057840817846184556
4	0.020175569380323093	0.05532121372430823
5	0.016854773547189932	0.0590856549178445
6	0.014090829199024787	0.054237587940554284
7	0.011949530660381747	0.05953004146211369
8	0.010368492163252085	0.05479777829591618
9	0.009111460437351424	0.06581918795614741
10	0.008145823767538078	0.0638096458820063
