Opt_Th	P	R	F1	P_5	R_5	F1_5
0.46388188	0.9692036358703026	0.5807657913990733	0.7263115087433916	0.9693309811371964	0.58068449719535	0.7262836807320794
