Epoch	Train Loss	Test Loss
1	0.04572583385743201	0.036295045275501044
2	0.02525016693915758	0.044061255294742974
3	0.02054198590728144	0.04266561439997235
4	0.016881117804182902	0.04429921403873798
5	0.013905094891217433	0.05983475467926541
6	0.011811323696747422	0.05000795272373876
7	0.010322240439967977	0.06323708485552045
8	0.009109103890498065	0.06016997923684675
9	0.00810052125598304	0.06478791465159765
10	0.007373791799182072	0.06293538983824641
