Opt_Th	P	R	F1	P_5	R_5	F1_5
0.26182106	0.4761273512673417	0.5139706154472448	0.494325765710184	0.662134227571317	0.3556246376275243	0.4627250182582805
