Opt_Th	P	R	F1	P_5	R_5	F1_5
0.5846867	0.9694666847604831	0.5807657913990733	0.7263853584138281	0.968813559322034	0.5808470856027965	0.7262655011181135
