Opt_Th	P	R	F1	P_5	R_5	F1_5
0.1940283	0.41275430986186035	0.636196538494751	0.5006771548815829	0.7268748076462743	0.26221580745839657	0.3854006128406433
