Opt_Th	P	R	F1	P_5	R_5	F1_5
0.21852276	0.4334056791463194	0.591219175209405	0.5001591500863586	0.7829635063267926	0.2106756473360226	0.33201458080194407
