Opt_Th	P	R	F1	P_5	R_5	F1_5
0.096314706	0.4812393468267379	0.7591991153017869	0.5890763589067327	0.7372580808592563	0.16939642628484955	0.275493880332819
