Opt_Th	P	R	F1	P_5	R_5	F1_5
0.13706887	0.4627347787722173	0.6837087480356208	0.5519256882156433	0.8397082658022691	0.18093242535358828	0.297715845424508
