Opt_Th	P	R	F1	P_5	R_5	F1_5
0.139556	0.39157525500392315	0.6279560341956256	0.4823629187770361	0.7120171673819743	0.12279338292439214	0.2094630851298886
