Epoch	Train Loss	Test Loss
1	0.05483985809690278	0.035447677006808724
2	0.02512483942605879	0.042878114277633224
3	0.022653951863015907	0.04474895947226664
4	0.020471968175168487	0.05096357990419719
5	0.01773351807471203	0.051663558089696776
6	0.015358735051384007	0.05068089894768668
7	0.012945770326515903	0.06040639557489535
8	0.010757807487001022	0.0640019982508043
9	0.008938413967067996	0.0648159981909685
10	0.007353793600223203	0.07014437864829855
