Epoch	Train Loss	Test Loss
1	0.0617403703638249	0.0332870701068016
2	0.032624509314902954	0.0382595908676469
3	0.030445538137832448	0.04174703608678524
4	0.028855760297220614	0.048621874151015
5	0.026310665119025443	0.04860448845943739
6	0.023211764378680125	0.04647688935835694
7	0.01998210156388167	0.048423931305838185
8	0.017125824666840747	0.051611439433208735
9	0.014826612055508627	0.05991736756161202
10	0.012835293484386057	0.05895789205854715
