Epoch	Train Loss	Test Loss
1	0.04108541904260283	0.04549124591597697
2	0.019789675925520882	0.0638020624429351
3	0.015722256450765373	0.06419850901768702
4	0.012755675653022701	0.06470430088115901
5	0.010625786262739828	0.0727136026749887
6	0.009204620762012792	0.07596274058720688
7	0.00796301129773475	0.07310831324174637
8	0.007217861566881555	0.07669222566140134
9	0.006406090498996386	0.0798052166157016
10	0.00562292234837145	0.08970975419279278
