Opt_Th	P	R	F1	P_5	R_5	F1_5
0.28919935	0.9043866814010474	0.4382282754205227	0.5903819463502992	0.9055218563450799	0.43791397473953786	0.5903380960227228
