Opt_Th	P	R	F1	P_5	R_5	F1_5
0.74635947	0.9690175295556461	0.5797089667506706	0.7254323499491352	0.9689449416870084	0.5808470856027965	0.726302414231258
