Opt_Th	P	R	F1	P_5	R_5	F1_5
0.14566076	0.42503054634316634	0.4251789767766719	0.4251047486033519	0.8257267896217568	0.18449449973808277	0.3016013473011161
