Opt_Th	P	R	F1	P_5	R_5	F1_5
0.8816236	0.9689407296894073	0.5807657913990733	0.7262376740876283	0.9689449416870084	0.5808470856027965	0.726302414231258
