Opt_Th	P	R	F1	P_5	R_5	F1_5
0.26595977	0.9188562596599691	0.629100529100529	0.746859296482412	0.9188248936992656	0.6288359788359789	0.7466624784042719
