Opt_Th	P	R	F1	P_5	R_5	F1_5
0.15904292	0.9176470588235294	0.6293650793650793	0.7466457434287957	0.9188248936992656	0.6288359788359789	0.7466624784042719
