Opt_Th	P	R	F1	P_5	R_5	F1_5
0.5540195	0.918809201623816	0.6287037037037037	0.7465640461792193	0.9188248936992656	0.6288359788359789	0.7466624784042719
