Opt_Th	P	R	F1	P_5	R_5	F1_5
0.3948247	0.7237014141798709	0.6085905180766541	0.6611731376959673	0.7725617252036443	0.566547868799973	0.6537078083683309
