Opt_Th	P	R	F1	P_5	R_5	F1_5
0.35301602	0.9016494631645515	0.2987714094522283	0.44882105449280496	0.9381317582529254	0.2885725179468537	0.4413762125026893
