Opt_Th	P	R	F1	P_5	R_5	F1_5
0.3490084	0.6009447165850245	0.459983037985984	0.5210993400925388	0.6925328270843221	0.3907958755523814	0.4996433157369097
