Opt_Th	P	R	F1	P_5	R_5	F1_5
0.4615457	0.36585365853658536	0.08571428571428572	0.13888888888888887	0.0	0.0	0.0
