Opt_Th	P	R	F1	P_5	R_5	F1_5
0.5096168	0.9637046528392496	0.9637452256327833	0.9637249388089881	0.963123858821664	0.9643140508927052	0.9637185873856415
