Opt_Th	P	R	F1	P_5	R_5	F1_5
0.44414786	0.9462601186626384	0.9499611311171053	0.9481070131032225	0.9505434680555477	0.94551270458048	0.9480214123118564
