Opt_Th	P	R	F1	P_5	R_5	F1_5
0.3994754	0.9154143656970103	0.9414434548372774	0.9282464747909378	0.9286073596394817	0.9257756295005726	0.9271893324773994
