Opt_Th	P	R	F1	P_5	R_5	F1_5
0.5342244	0.9666043909625274	0.9680854870315062	0.9673443720726765	0.9645552027495149	0.9699229446468525	0.9672316265597615
