Opt_Th	P	R	F1	P_5	R_5	F1_5
0.47932357	0.956384162599656	0.9561128058518471	0.9562484649748754	0.9581596685630596	0.9541739708287047	0.9561626661878063
