Opt_Th	P	R	F1	P_5	R_5	F1_5
0.45963404	0.9611446766000058	0.9658511218016187	0.963492151750181	0.9646436584374656	0.9620339069483095	0.9633370151934996
