Opt_Th	P	R	F1	P_5	R_5	F1_5
0.57862794	0.9771214448633804	0.972006659468379	0.9745573412089192	0.973006557349521	0.9756668413619497	0.9743348834765245
