Opt_Th	P	R	F1	P_5	R_5	F1_5
0.57600534	0.9753753997616358	0.9686137476659399	0.9719828144045541	0.9718889219990008	0.9718044945592459	0.9718467064455028
