Opt_Th	P	R	F1	P_5	R_5	F1_5
0.46449557	0.9714671751312187	0.9675292837095547	0.9694942307052838	0.9740914326401542	0.9647268084386197	0.9693865046529212
