Opt_Th	P	R	F1	P_5	R_5	F1_5
0.46067327	0.9650391373250126	0.9702470780635344	0.9676361002949233	0.9681494969420313	0.9668962962495238	0.9675224907883332
