Opt_Th	P	R	F1	P_5	R_5	F1_5
0.4270889	0.9665269477230912	0.9701981559452904	0.968359072308422	0.9717172245776768	0.9642652732457018	0.9679769069487024
