Opt_Th	P	R	F1	P_5	R_5	F1_5
0.48629782	0.9510333823167694	0.9508788693378518	0.9509561195509273	0.952370234065683	0.9495338674516591	0.9509499357793819
