Opt_Th	P	R	F1	P_5	R_5	F1_5
0.41803282	0.9707160164447769	0.9731682489009534	0.9719405859130795	0.9757703410437842	0.9677673862562565	0.9717523866646673
