Opt_Th	P	R	F1	P_5	R_5	F1_5
0.41446286	0.9642597790324908	0.9629447018243766	0.9636017917401705	0.9696419053593716	0.9568374545417889	0.9631971272079575
