Opt_Th	P	R	F1	P_5	R_5	F1_5
0.50154597	0.9748656406238022	0.9636276001709068	0.9692140452120088	0.9747679468619603	0.9637033716189622	0.9692040815678539
