Opt_Th	P	R	F1	P_5	R_5	F1_5
0.49052298	0.9610271845989968	0.966297289696133	0.9636550318201524	0.9618227038697205	0.9653863607892395	0.9636012374999586
