Opt_Th	P	R	F1	P_5	R_5	F1_5
0.4813878	0.6030990778559098	0.5336338741826717	0.5662439834352978	0.60890196246833	0.5282874760157225	0.5657373697072464
