Epoch	Train Loss	Test Loss
1	0.1923704082146287	0.19459296700855097
2	0.12390748271718621	0.19801305793225765
3	0.10513134184293449	0.20108482738335928
4	0.0862764238845557	0.20302977971732616
5	0.07945133745670319	0.22809607349336147
6	0.07339534035418183	0.22948960835735002
7	0.06561290542595088	0.22241852867106596
8	0.061213423032313585	0.25129754717151326
9	0.055229913792572916	0.2313810115059217
10	0.05398499208968133	0.2634305978814761
