Opt_Th	P	R	F1	P_5	R_5	F1_5
0.22530559	0.498986108168639	0.6570881989558008	0.5672263125301039	0.570827173177638	0.4539476306245267	0.5057221192376428
