Epoch	Train Loss	Test Loss
1	0.27416830277070403	0.20106503491600355
2	0.1240262258797884	0.18619192639986673
3	0.1016798831988126	0.18991897876063982
4	0.08972552116028965	0.2014707631121079
5	0.07816782570444047	0.2131116340557734
6	0.0715125824790448	0.22192162709931532
7	0.06561972119379789	0.23739291851719221
8	0.06227639899589121	0.23920641218622526
9	0.05513265123590827	0.23368092564245066
10	0.05372513667680323	0.25023823976516724
11	0.053728940431028605	0.2417235697309176
