Opt_Th	P	R	F1	P_5	R_5	F1_5
0.26325414	0.4522002200220022	0.4594362996218401	0.45578954177100567	0.6780154896096925	0.16471377209813529	0.26504001678606753
