Epoch	Train Loss	Test Loss
1	0.177468320975701	0.1550840492049853
2	0.10796062648296356	0.15840357641379038
3	0.09191644759405226	0.156768495341142
4	0.08095388859510422	0.16086251735687257
5	0.07544303685426712	0.17728003064791362
6	0.06750232309457802	0.18995428582032522
7	0.06488076499885037	0.1755018358429273
8	0.06083965124118896	0.183239209651947
9	0.05536859837316331	0.20234756072362264
10	0.0521216264792851	0.20645132809877395
