Opt_Th	P	R	F1	P_5	R_5	F1_5
0.10714771	0.41579764462356317	0.6599547004505065	0.5101687414619128	0.659105831791321	0.2748338601687533	0.38791498331284036
