Opt_Th	P	R	F1	P_5	R_5	F1_5
0.16012096	0.3503405504180741	0.6303853971543582	0.4503797774724688	0.0	0.0	0.0
