Epoch	Train Loss	Test Loss
1	0.2169099407536643	0.17257936298847198
2	0.13394941425039655	0.24697223901748658
3	0.11478198958294732	0.19609428942203522
4	0.09565690195276624	0.22319624125957488
5	0.08325168100141343	0.24029440879821778
6	0.07376059144735336	0.2407562792301178
7	0.06482562919457753	0.2574417918920517
8	0.06121496182112467	0.25694143325090407
9	0.05759457906796819	0.2665764600038528
10	0.053482225963047574	0.26551096737384794
