Epoch	Train Loss	Test Loss
1	0.21173390932381153	0.18278716802597045
2	0.13663298512498537	0.23636314645409584
3	0.11715063980470102	0.22116598039865493
4	0.10041023946056764	0.26201088428497316
5	0.08318811810264985	0.24060140252113343
6	0.07215775735676289	0.22377824932336807
7	0.06555717500547568	0.2621197447180748
8	0.06402484187856317	0.2455392837524414
9	0.058568636421114206	0.25067931711673735
10	0.053543581161648035	0.2416655257344246
