Opt_Th	P	R	F1	P_5	R_5	F1_5
0.10371376	0.336264082210879	0.5959905942369774	0.42994738506655933	0.47925241962398485	0.257542545135706	0.3350399875565464
