Opt_Th	P	R	F1	P_5	R_5	F1_5
0.23815225	0.3005507036769205	0.5032506845997653	0.3763425880779572	0.0	0.0	0.0
