Opt_Th	P	R	F1	P_5	R_5	F1_5
0.25005898	0.317715732905059	0.5809238762141405	0.4107734696322326	0.0	0.0	0.0
