Opt_Th	P	R	F1	P_5	R_5	F1_5
0.21905221	0.3612047898338221	0.5890757642182456	0.4478193028434655	0.0	0.0	0.0
