Opt_Th	P	R	F1	P_5	R_5	F1_5
0.1869367	0.32355948514375077	0.6075784955952112	0.42225274725274725	0.4088669950738916	0.004687147052179806	0.009268047568533304
