Opt_Th	P	R	F1	P_5	R_5	F1_5
0.2130757	0.3265582655826558	0.5988253896543935	0.422638501394978	0.4813780260707635	0.02919584368646939	0.05505271004152912
