Opt_Th	P	R	F1	P_5	R_5	F1_5
0.216344	0.3698448732500946	0.5839161709435747	0.452856412087753	0.476968311009474	0.07267839808845857	0.12613663362059654
