Opt_Th	P	R	F1	P_5	R_5	F1_5
0.38839427	0.5858695421000021	0.5131610812019151	0.5471102284011916	0.6420313261042323	0.4665524114677446	0.54040349552271
