Opt_Th	P	R	F1	P_5	R_5	F1_5
0.12769757	0.41859985074389877	0.6561714413719292	0.5111287758346582	0.7191301954307735	0.32513627199641587	0.4478077542765075
