Opt_Th	P	R	F1	P_5	R_5	F1_5
0.15818961	0.39726999863001755	0.635646247658523	0.48895190649549725	0.4387726831971187	0.12624048463592524	0.19606932838130614
