Opt_Th	P	R	F1	P_5	R_5	F1_5
0.23719011	0.6031314132866004	0.48724874722900097	0.5390322314730854	0.7763632718524459	0.2885564724949237	0.4207352681542243
