Epoch	Train Loss	Test Loss
1	0.16494046957219013	0.21382224476999706
2	0.13449160646156771	0.19010365940630436
3	0.12766767691831296	0.19675297869576347
4	0.12220260327687117	0.22676802033351529
5	0.11567016826624296	0.20958221734811863
6	0.10979727737042082	0.22494631571074328
7	0.1033731058907776	0.30245995128320324
8	0.09820861269195541	0.2694305262217919
9	0.09195568249756549	0.3268602440754573
10	0.0874810519964755	0.44900186566842926
11	0.08169744948462612	0.33849737524158424
