Epoch	Train Loss	Test Loss
1	0.16518298301757575	0.17994652875437797
2	0.14848457956737507	0.19676660751696112
3	0.14253287837045006	0.1840033508676419
4	0.1378150130528787	0.2065555691625253
5	0.13340241599061234	0.21616281380394486
6	0.1257957914650766	0.23999860992976765
7	0.11642647891531008	0.23285895876465834
8	0.10477959063372326	0.25800025403137794
9	0.09517233855411654	0.25761620789136497
10	0.08500126954202009	0.2868486138884809
