Opt_Th	P	R	F1	P_5	R_5	F1_5
0.2696412	0.899418833109519	0.9909895776605223	0.9429863774252387	0.912616179212805	0.9230283070957578	0.9177927133602881
