Epoch	Train Loss	Test Loss
1	0.18994477593292625	0.1990827265584353
2	0.1701993480072183	0.18850393184614414
3	0.16283152675477125	0.21109102138327163
4	0.15234743336499748	0.21346842432485044
5	0.14313850914901596	0.24980616471865802
6	0.1354917983003592	0.24977451127058672
7	0.12711475044488907	0.3106140283487954
8	0.12029489581236395	0.3024251426127061
9	0.11255942941722223	0.31055995290285177
10	0.10374805662717859	0.308378458637925
11	0.09808647541045132	0.3392735111518103
