Opt_Th	P	R	F1	P_5	R_5	F1_5
0.26094666	0.8729547974420222	0.9890710191564669	0.9273923954081106	0.886549926993158	0.9562372521140045	0.9200759324368079
