Opt_Th	P	R	F1	P_5	R_5	F1_5
0.20161788	0.8441955449094926	0.992868394250011	0.9125159524831609	0.8654799800775245	0.9270602475185934	0.8952123608729826
