Epoch	Train Loss	Test Loss
1	0.20186100129858922	0.21009117429985583
2	0.16984377927699332	0.19019641090654632
3	0.16263121600120756	0.21703710862733785
4	0.15564656409166627	0.20839343031922591
5	0.1490601024006383	0.2296945779105124
6	0.14253096209870555	0.23120371586851124
7	0.1366530405831034	0.25237361348948434
8	0.13201218382534335	0.2762654959359794
9	0.1267971803071135	0.2566118502211802
10	0.12005519443901919	0.2812812371559224
11	0.11482044315691721	0.2612117067594262
