Opt_Th	P	R	F1	P_5	R_5	F1_5
0.23929493	0.8686696896948128	0.9952060785205131	0.9276426789308769	0.8806714597367257	0.9734756612127758	0.9247510317729299
