Opt_Th	P	R	F1	P_5	R_5	F1_5
0.4280082	0.8512939337668053	0.9831346591400321	0.9124765876829194	0.8592592731733065	0.9646076667924854	0.9088909552591109
