Opt_Th	P	R	F1	P_5	R_5	F1_5
0.21424967	0.8458016169744699	0.9955759583490607	0.9145975998372771	0.859375897716783	0.9462346091639657	0.9007160886605078
