Epoch	Train Loss	Test Loss
1	0.21166230545324438	0.2111626103418679
2	0.16812892503598156	0.22824200096543332
3	0.15331671259859028	0.32130171633214266
4	0.14205463173634866	0.30849879516015283
5	0.13114243307534387	0.2341186812992999
6	0.1216184477595722	0.39127112108794493
7	0.11332171384026023	0.26518484760622524
8	0.10298047122709891	0.37471516014620304
9	0.10166730223333134	0.3202468942812685
10	0.0931454903939191	0.31935419498246687
