Opt_Th	P	R	F1	P_5	R_5	F1_5
0.2424298	0.8921401565971285	0.9915596293717281	0.9392262712055217	0.8981286267119752	0.9820287305257864	0.938206700352575
