Opt_Th	P	R	F1	P_5	R_5	F1_5
0.45737904	0.8644338973300675	0.9913748550274675	0.9235628709669123	0.8647319204162273	0.9909216356850303	0.9235361484265631
