Opt_Th	P	R	F1	P_5	R_5	F1_5
0.4489758	0.8985879085027165	0.9912338752376526	0.9426399700229238	0.8990972232799394	0.9902198276544385	0.9424610835333734
