Opt_Th	P	R	F1	P_5	R_5	F1_5
0.31854314	0.8807435129981116	0.9904912950678314	0.9323990544123615	0.8839203084745633	0.984981529871873	0.9317184668151658
