Opt_Th	P	R	F1	P_5	R_5	F1_5
0.3417973	0.9045472979484757	0.9912329301793272	0.9459082390755006	0.9112316990671013	0.9666681472580432	0.9381316687189072
