Opt_Th	P	R	F1	P_5	R_5	F1_5
0.45423684	0.8674692711374545	0.9904967207117046	0.9249097907595915	0.8684662316856843	0.9888334022305939	0.9247494619802948
