Opt_Th	P	R	F1	P_5	R_5	F1_5
0.30105838	0.8852676148376974	0.9921844637055109	0.9356816972342051	0.8908542909433492	0.9833894948640005	0.9348375678789695
