Epoch	Train Loss	Test Loss
1	0.22010564286919201	0.18132602957430147
2	0.19748205875649172	0.2447247587576661
3	0.19226686104255564	0.2329319032996181
4	0.1871011833934223	0.3914258455406277
5	0.18235808391781413	0.2841999978971359
6	0.17377995313966976	0.25647544074460304
7	0.17416397149071974	0.26362214746659324
8	0.16930941509849884	0.2610372876233513
9	0.16382334276157268	0.27123374601273
10	0.15933828012031667	0.2875203538953037
