Opt_Th	P	R	F1	P_5	R_5	F1_5
0.3299538	0.8976157405081463	0.991982243299123	0.9424426608413373	0.9009649855913376	0.9867208673367288	0.9418950199194875
