Epoch	Train Loss	Test Loss
1	0.17503322432927096	0.18382926529152788
2	0.1496893068154653	0.21244284979958863
3	0.14350767281646068	0.1977198617599851
4	0.13826649353749548	0.1891268260589392
5	0.1320304352729047	0.1968554594627709
6	0.12346008840697276	0.23124057459209463
7	0.11231329757550593	0.21783817419112264
8	0.10210374104900656	0.24548383237686838
9	0.09146672146622166	0.24821147614446798
10	0.08178576225845757	0.2915905241606583
