Opt_Th	P	R	F1	P_5	R_5	F1_5
0.5086816	0.8390505562365319	0.9901966779622418	0.9083792041830733	0.838489242015391	0.9907259603523207	0.9082726389607126
