Opt_Th	P	R	F1	P_5	R_5	F1_5
0.21208826	0.8939244622647028	0.9905752788551774	0.9397713930776206	0.9032233954708753	0.9509234559656358	0.9264598562565267
