Epoch	Train Loss	Test Loss
1	0.15256406400217062	0.24206292836202514
2	0.1320398832653083	0.20721709417800108
3	0.12388250922538988	0.20786510925326082
4	0.11721034494100832	0.21626282152202395
5	0.10871866988200768	0.23242456879880694
6	0.10334651693910443	0.22026710232926738
7	0.0977949770558782	0.28527852996355957
8	0.08914211544753457	0.23735941160056326
9	0.08281881295415867	0.3104404972659217
10	0.07664145280917485	0.32406009381843937
11	0.0695503147146782	0.34536798184530604
