Epoch	Train Loss	Test Loss
1	0.2602878878221792	0.17493416470675746
2	0.2052893720128957	0.17288885158788628
3	0.20093784209559945	0.19887107168244827
4	0.1989817168782739	0.2899917893543992
5	0.19804741740226744	0.205703983280439
6	0.19643105259713003	0.2370746886236879
7	0.19610385377617442	0.2973538168130678
8	0.19468589293606142	0.30516116701244494
9	0.19400517020155403	0.2936622421590948
10	0.1930253646829549	0.32049231335469885
11	0.19239817007499582	0.265962428200367
