Opt_Th	P	R	F1	P_5	R_5	F1_5
0.23818238	0.5290358482775953	0.6394644910712348	0.5790321629958544	0.8047945205479452	0.4028250916744418	0.536909840214012
