Opt_Th	P	R	F1	P_5	R_5	F1_5
0.2402847	0.6457873607529312	0.5270466725974787	0.5804062126642772	0.7972543110664657	0.413305270466726	0.54439188899527
