Epoch	Train Loss	Test Loss
1	0.06016312896744492	0.030493213390202625
2	0.02344130010334487	0.036297908255263515
3	0.018055020826724694	0.03547327758987313
4	0.014255780025778972	0.039021677459063736
5	0.011682616330721636	0.03845945652574301
6	0.010083480157226939	0.04093931206380543
7	0.00872138105860921	0.0416093897074461
8	0.007742039093594115	0.04019118736133627
9	0.006773935681324184	0.04658559090255395
10	0.006166671690790309	0.04147936456391345
