Epoch	Train Loss	Test Loss
1	0.08871968457584872	0.03222339358180761
2	0.02808122506693882	0.033900025626644494
3	0.023900724399615738	0.04495471548289061
4	0.020059146863572738	0.045968799572438004
5	0.01723696828326758	0.050222732871770856
6	0.014239258899846497	0.055524548329412934
7	0.011616402606972876	0.05162110235542059
8	0.009814114337239195	0.059009834099560975
9	0.008374058299095315	0.06203226847574115
10	0.007235176751718801	0.06342495894059538
