Opt_Th	P	R	F1	P_5	R_5	F1_5
0.21821176	0.7757749826681193	0.4036068530207394	0.5309698520564659	0.7780873718777988	0.4028854824165915	0.5308845246380255
