Opt_Th	P	R	F1	P_5	R_5	F1_5
0.5928347	0.820217356921756	0.4408578645681531	0.5734777216969583	0.8200514138817481	0.44163509180996796	0.5740942457968269
