Opt_Th	P	R	F1	P_5	R_5	F1_5
0.23201777	0.6167504920183687	0.5137714951909065	0.5605708266253255	0.858735419446477	0.24228844846011852	0.3779421654337592
