Opt_Th	P	R	F1	P_5	R_5	F1_5
0.2265761	0.6004618937644342	0.49114208403532955	0.5403280161761402	0.7720236106470654	0.35390820442129983	0.48533221312049285
