Opt_Th	P	R	F1	P_5	R_5	F1_5
0.22443333	0.5726288385302645	0.49410323173533466	0.5304757728568296	0.7704571850913314	0.3725430132230561	0.5022369054993461
