Opt_Th	P	R	F1	P_5	R_5	F1_5
0.2412726	0.5708246563931695	0.5947664200316792	0.5825496509292614	0.7234500947215928	0.4225920541584395	0.5335305719921105
