Opt_Th	P	R	F1	P_5	R_5	F1_5
0.138865	0.5693195693195693	0.4360123384824638	0.4938276699196049	0.8447472978168924	0.24012678519382105	0.37395391060131816
