Opt_Th	P	R	F1	P_5	R_5	F1_5
0.15651043	0.46332645825125723	0.5150843745974495	0.4878364199790157	0.7701923076923077	0.24763622310962258	0.37477336972414466
