Opt_Th	P	R	F1	P_5	R_5	F1_5
0.4231785	0.7670749632533072	0.39965283095930976	0.5255102040816326	0.7668271592807311	0.3984275284627559	0.52439188281145
