Opt_Th	P	R	F1	P_5	R_5	F1_5
0.1889722	0.5493854201561574	0.5492721885868865	0.5493287985364974	0.7133811734909244	0.17415947442998841	0.27996935246733345
