Epoch	Train Loss	Test Loss
1	0.08191840487046981	0.032161416121940505
2	0.03295283009048919	0.03727544529427742
3	0.03012440894061411	0.039717156825394465
4	0.02734558969001535	0.03817987332827058
5	0.023641416252079144	0.040164676719698415
6	0.019067062235529154	0.04640986513474892
7	0.015218071324724547	0.04437921042072362
8	0.012073012226274316	0.04910367641640806
9	0.009403188791598233	0.047177071672403946
10	0.007458571836509755	0.04687536730505954
