Opt_Th	P	R	F1	P_5	R_5	F1_5
0.1919391	0.6037280278153371	0.4831379621280433	0.5367431343646694	0.7683124710245711	0.3415689810640216	0.47290042981220237
