Opt_Th	P	R	F1	P_5	R_5	F1_5
0.21142007	0.4922508990230086	0.6712521969318896	0.5679821541681584	0.8047945205479452	0.4028250916744418	0.536909840214012
