Opt_Th	P	R	F1	P_5	R_5	F1_5
0.20991331	0.5445661997288749	0.49221422371981416	0.5170684615590894	0.7523764258555133	0.3232756420074539	0.45223726029353994
