Opt_Th	P	R	F1	P_5	R_5	F1_5
0.23865189	0.6040132907681283	0.47332414356460917	0.5307419280970919	0.7670977856163042	0.3997038852299995	0.5255596952304233
