Opt_Th	P	R	F1	P_5	R_5	F1_5
0.5465669	0.7780935287665769	0.40208682210485636	0.5301921084368046	0.7780873718777988	0.4028854824165915	0.5308845246380255
