Opt_Th	P	R	F1	P_5	R_5	F1_5
0.24736969	0.5455372222944004	0.5466617484323129	0.5460989064582905	0.8047945205479452	0.4028250916744418	0.536909840214012
