Epoch	Train Loss	Test Loss
1	0.06148947893418896	0.029951758554269528
2	0.026274265327923735	0.05711720053149366
3	0.020893188796832527	0.07539178139861973
4	0.016531827584118912	0.08585646101969412
5	0.013556483227917006	0.06735883927208254
6	0.011202054662288914	0.08430282626001315
7	0.009506210907769035	0.07910081735630145
8	0.008130720016402257	0.0746679275628479
9	0.007033181580072137	0.09334816552441695
10	0.006155410873323259	0.11312540089604499
