Opt_Th	P	R	F1	P_5	R_5	F1_5
0.30793554	0.8195210956682359	0.44181725444476827	0.5741180555007613	0.8209027777777778	0.4306689011949869	0.5649493404702733
