Opt_Th	P	R	F1	P_5	R_5	F1_5
0.54643565	0.8200473559589582	0.4416229476343146	0.5740829906305993	0.8200514138817481	0.44163509180996796	0.5740942457968269
