Opt_Th	P	R	F1	P_5	R_5	F1_5
0.32877728	0.8175951068619459	0.3705496570377901	0.5099708312463433	0.8907540003735758	0.35003064456343425	0.5025710112878592
