Opt_Th	P	R	F1	P_5	R_5	F1_5
0.30665025	0.8515494015097802	0.3535282526864033	0.4996304942567551	0.9153843927568809	0.3285879024410515	0.4835867144378813
