Opt_Th	P	R	F1	P_5	R_5	F1_5
0.35563138	0.9000648009866473	0.28826575775744206	0.4366762429494877	0.935703555584584	0.27707870584577204	0.4275516528925619
