Opt_Th	P	R	F1	P_5	R_5	F1_5
0.28784767	0.7481562311860325	0.29772546905649644	0.4259471502479676	0.8559315815648516	0.2620077963952902	0.40120377181836414
