Opt_Th	P	R	F1	P_5	R_5	F1_5
0.418454	0.9579442178798023	0.9639487296829928	0.9609370939244082	0.963431825509305	0.9572649829136455	0.9603385041722206
