Opt_Th	P	R	F1	P_5	R_5	F1_5
0.4278311	0.9382685770171489	0.9467205491199089	0.9424756144625568	0.9462336614108225	0.9371280048102644	0.9416588211455517
