Opt_Th	P	R	F1	P_5	R_5	F1_5
0.4848041	0.6905738227127975	0.9694834858965159	0.8065985595079829	0.693741338832034	0.9592306166877063	0.805165423463423
