Opt_Th	P	R	F1	P_5	R_5	F1_5
0.44410053	0.978955451226973	0.9788240597942468	0.9788897511016076	0.9813908800085797	0.976126132700832	0.9787514265786339
