Opt_Th	P	R	F1	P_5	R_5	F1_5
0.46941996	0.9762694814126062	0.9764239757748446	0.976346722482037	0.9781544203011983	0.9744647302330803	0.9763060892281964
