Opt_Th	P	R	F1	P_5	R_5	F1_5
0.47041366	0.9232546546092361	0.943412094363191	0.9332245381399138	0.9262865964472297	0.9398980445408066	0.9330426813760191
