Opt_Th	P	R	F1	P_5	R_5	F1_5
0.5005856	0.9463145326646316	0.9549467903536182	0.9506110650780855	0.9462375342677553	0.9550068082839749	0.9506019476346816
