Opt_Th	P	R	F1	P_5	R_5	F1_5
0.3369449	0.9335377787934523	0.9500523281330298	0.941722657048839	0.9496129136004778	0.9303596949588689	0.9398877160272769
