Opt_Th	P	R	F1	P_5	R_5	F1_5
0.4016703	0.7012062014241768	0.9822541984417845	0.8182701955771019	0.7184304869736247	0.9322712660407296	0.8114998344553582
