Opt_Th	P	R	F1	P_5	R_5	F1_5
0.4756013	0.9826141968838517	0.9789076841208488	0.980757438569235	0.9840282114274931	0.9774303210175478	0.9807181693379466
