Opt_Th	P	R	F1	P_5	R_5	F1_5
0.22142719	0.3327919990797318	0.5479532945606881	0.4140912784113633	0.5108158746380514	0.03341355259932705	0.06272418300653594
