Opt_Th	P	R	F1	P_5	R_5	F1_5
0.1782108	0.5165094339622641	0.5749229102425202	0.5441530270163675	0.6808231511254019	0.3676278578770453	0.4774463556088717
