Opt_Th	P	R	F1	P_5	R_5	F1_5
0.1805882	0.4646437078205637	0.6259442476101343	0.5333656119164933	0.610931046617154	0.3675156538984335	0.45894523016132516
