Opt_Th	P	R	F1	P_5	R_5	F1_5
0.17489856	0.47702603182735104	0.6639481248746574	0.5551756584279712	0.5921703267042387	0.3055462709182878	0.40310145886157356
