Opt_Th	P	R	F1	P_5	R_5	F1_5
0.1254326	0.41691175326393104	0.5970096040287898	0.49096573208722744	0.5703065517932278	0.3171334982284912	0.40760682781532814
