Opt_Th	P	R	F1	P_5	R_5	F1_5
0.19778375	0.4287780755559044	0.5311275939661638	0.47449634864400364	0.5329482032703418	0.378017612578826	0.44230816112596394
