Opt_Th	P	R	F1	P_5	R_5	F1_5
0.1574337	0.5123306526643131	0.5583659749423563	0.5343586539675788	0.6943885355446422	0.3594049504125344	0.4736538619951125
