Opt_Th	P	R	F1	P_5	R_5	F1_5
0.22679877	0.5457649571185492	0.663819207156152	0.5990310915574608	0.6523743188429549	0.44232852737728146	0.5272001854181843
