Opt_Th	P	R	F1	P_5	R_5	F1_5
0.22541294	0.34255865559627996	0.5725060421701809	0.42864051166055694	0.5226300382796667	0.032238797677584245	0.06073134035454963
