Opt_Th	P	R	F1	P_5	R_5	F1_5
0.43350518	0.5421450622636929	0.34827417162466295	0.42410387214066697	0.5764463208220076	0.33315506829779173	0.4222641163055067
