Opt_Th	P	R	F1	P_5	R_5	F1_5
0.48388293	0.816643686085258	0.9892821101715559	0.8947111677603109	0.816765210894226	0.989038521766364	0.8946844468228268
