Opt_Th	P	R	F1	P_5	R_5	F1_5
0.26784024	0.8993417633828601	0.9911262660140189	0.9430058905534529	0.9071682498848596	0.9630554380500012	0.9342768160985301
