Opt_Th	P	R	F1	P_5	R_5	F1_5
0.4094797	0.898450765955854	0.989945144023066	0.9419814650114661	0.9019768059558241	0.9854654040707594	0.941874599202897
