Opt_Th	P	R	F1	P_5	R_5	F1_5
0.6095921	0.8167575372281964	0.9891429167971605	0.8947225533823582	0.8166391382405745	0.9892908097574555	0.8947119961604734
