Epoch	Train Loss	Test Loss
1	0.16370515330655364	0.178494254165158
2	0.14550582531311504	0.1953872379116475
3	0.13611432346461833	0.20561989765266722
4	0.12484108011498762	0.22029080964032963
5	0.11363177658040861	0.23443323381668713
6	0.10212839193841963	0.2566052501336957
7	0.09100798742981249	0.28591991228705854
8	0.0802324313199383	0.3014824128297019
9	0.07133906001217977	0.3585924092970745
10	0.06388380111006028	0.35738206652614884
