Opt_Th	P	R	F1	P_5	R_5	F1_5
0.2249702	0.898113239578342	0.9924706722959219	0.942937306388616	0.9061859321902473	0.9383328811536078	0.9219792722758517
