Opt_Th	P	R	F1	P_5	R_5	F1_5
0.41896844	0.8161187561882076	0.9895691965062463	0.8945133411448299	0.8176022357590446	0.9773201795594529	0.8903551006336412
