Opt_Th	P	R	F1	P_5	R_5	F1_5
0.68800104	0.8035762098229356	0.42192122441994084	0.553319572754053	0.8033577320785408	0.4226363658590255	0.5538822624702613
