Epoch	Train Loss	Test Loss
1	0.03443080389246829	0.032844534573646694
2	0.02017984100170299	0.048978382997082535
3	0.016252950755105983	0.04996622122339243
4	0.01398908401358644	0.06267422416726866
5	0.012048615305768562	0.051515970632610236
6	0.010256906292175988	0.06048923691172572
7	0.010085636647317276	0.05767187766025405
8	0.009657178480944694	0.06254490042799676
9	0.008741047567879573	0.06034095977714076
10	0.0069541177352628126	0.08146164883699643
