Opt_Th	P	R	F1	P_5	R_5	F1_5
0.17671497	0.5351117764034877	0.5986956309136696	0.5651208141976877	0.7807545106615636	0.14838268013007017	0.2493721012650426
