Opt_Th	P	R	F1	P_5	R_5	F1_5
0.20555711	0.6424050632911392	0.45451022604951563	0.5323650301333939	0.8001471825063078	0.32770721205597414	0.4649784647340929
