Opt_Th	P	R	F1	P_5	R_5	F1_5
0.29076904	0.6207108872096277	0.47745963401506997	0.5397420296909224	0.7943499914133608	0.39832077502691066	0.530584153021135
