Epoch	Train Loss	Test Loss
1	0.042856410569393676	0.032086890631702523
2	0.02696752275209134	0.039903633318532854
3	0.024183557035959584	0.04210950135523398
4	0.02115474943918872	0.041438513903840055
5	0.01811136801589267	0.041043705940687444
6	0.014934456107014998	0.048884276543143236
7	0.012524322440195492	0.05348924919962883
8	0.00999809145618109	0.05374877190096138
9	0.008098179311407494	0.05813876682749161
10	0.006730142276438243	0.06677655315787129
