Opt_Th	P	R	F1	P_5	R_5	F1_5
0.20774947	0.6207286716451685	0.4724219590958019	0.5365149996332609	0.7943499914133608	0.39832077502691066	0.530584153021135
