Opt_Th	P	R	F1	P_5	R_5	F1_5
0.12994233	0.456751694121536	0.7139289558665232	0.5570917398827423	0.7744877911872018	0.2376318622174381	0.3636782972554446
