Epoch	Train Loss	Test Loss
1	0.0733831088617444	0.02980130910873413
2	0.02841262023895979	0.03504806773170181
3	0.024153210036456586	0.03799125973297202
4	0.020950851067900657	0.046008231847182564
5	0.017478875704109668	0.04065081679626652
6	0.014813048373907805	0.04880928118591723
7	0.012213784325867892	0.053779659306873444
8	0.010600094478577375	0.050890341320115585
9	0.00920257270336151	0.05679936545050662
10	0.007942998744547368	0.06277143728473912
