Opt_Th	P	R	F1	P_5	R_5	F1_5
0.1441345	0.5197929998330644	0.570964035109166	0.5441782158606989	0.7992059407396515	0.3322045915747781	0.4693254579917015
