Opt_Th	P	R	F1	P_5	R_5	F1_5
0.18588741	0.5750535739320262	0.5265091318060683	0.5497117075147496	0.7314836825483071	0.394978117894428	0.5129691003988965
