Opt_Th	P	R	F1	P_5	R_5	F1_5
0.13379586	0.4039658838062282	0.5142362585069616	0.45247967757870206	0.769815939268927	0.21213953839980926	0.3326187423426504
