Opt_Th	P	R	F1	P_5	R_5	F1_5
0.13088895	0.47926304824752824	0.3667813442889431	0.41554496821906955	0.9382647999118069	0.2274224255987174	0.3661058506605585
