Opt_Th	P	R	F1	P_5	R_5	F1_5
0.122193456	0.36646098250368936	0.4859086336331971	0.41781535126810526	0.813442256684513	0.20077786241934015	0.32206262609538533
