Opt_Th	P	R	F1	P_5	R_5	F1_5
0.20012222	0.48070204344521045	0.2858501174610597	0.35851111663459634	0.9282434596903364	0.1935713729026799	0.3203404976646061
