Opt_Th	P	R	F1	P_5	R_5	F1_5
0.37867892	0.925477307150011	0.9338460090349473	0.9296428245817525	0.9408987904909822	0.9148707753226244	0.9277022555105996
