Opt_Th	P	R	F1	P_5	R_5	F1_5
0.52856976	0.9730775971267389	0.9752150452767854	0.9741451487175843	0.9711726963905644	0.9769247358205736	0.9740402242413898
