Opt_Th	P	R	F1	P_5	R_5	F1_5
0.4874959	0.9366029708153215	0.9454747459384465	0.9410179484024619	0.9377272529679652	0.94426040683235	0.9409824902669794
