Opt_Th	P	R	F1	P_5	R_5	F1_5
0.5534135	0.957045756664875	0.961982173863745	0.9595076161605858	0.9525345864529817	0.9662130465618324	0.95932506067633
