Opt_Th	P	R	F1	P_5	R_5	F1_5
0.40119174	0.9147224438857856	0.9366056954428624	0.9255347363796034	0.9340962230713413	0.907485722228323	0.9205987143696824
