Opt_Th	P	R	F1	P_5	R_5	F1_5
0.49692726	0.9681268747492373	0.9668159983311487	0.9674709924968552	0.9683037887263284	0.9666194758255058	0.9674608991951795
