Opt_Th	P	R	F1	P_5	R_5	F1_5
0.52802217	0.9752778210809968	0.9736320808201179	0.9744542560849292	0.9737611142199838	0.9749193510735034	0.9743398884362297
