Opt_Th	P	R	F1	P_5	R_5	F1_5
0.5340086	0.8953140335156026	0.9349298500241896	0.914693197564887	0.888961027250266	0.9413337407379115	0.9143980781538404
