Opt_Th	P	R	F1	P_5	R_5	F1_5
0.4508678	0.9687253332819704	0.9701757054277081	0.9694499768879162	0.9717830518207505	0.9667676915686249	0.9692688838999926
