Opt_Th	P	R	F1	P_5	R_5	F1_5
0.49845448	0.9417530348681661	0.9590303771038627	0.9503131840058536	0.9418720259124703	0.9588457719043618	0.9502831096320363
