Opt_Th	P	R	F1	P_5	R_5	F1_5
0.4388809	0.9568422226835227	0.9609656843015093	0.9588995205835544	0.9613912106896322	0.9556095715221065	0.9584916724470733
