Opt_Th	P	R	F1	P_5	R_5	F1_5
0.48476544	0.9628996697068851	0.9588534471305845	0.9608722987880378	0.964072847042087	0.9575548744853897	0.9608028066022651
