Opt_Th	P	R	F1	P_5	R_5	F1_5
0.57812667	0.9039314615039015	0.9409314551769737	0.9220604281897882	0.8960682771715608	0.9491360383474415	0.92183904788258
