Opt_Th	P	R	F1	P_5	R_5	F1_5
0.38093087	0.9142673285530428	0.9496409747154534	0.9316184873634711	0.9264538018629349	0.9351526494028977	0.9307829018022613
