Opt_Th	P	R	F1	P_5	R_5	F1_5
0.4604706	0.9560711289817644	0.9575511387811407	0.9568105615561188	0.9596637784224542	0.9536836521895088	0.9566643699280355
