Opt_Th	P	R	F1	P_5	R_5	F1_5
0.25112998	0.30186313671749715	0.6124948234041294	0.4044140625	0.43683274021352314	0.029048097970774418	0.054473844788373
