Epoch	Train Loss	Test Loss
1	0.19331109883456393	0.20436028465628625
2	0.12474836306325321	0.19263599961996078
3	0.10725547578828089	0.2120056703686714
4	0.08882374470603877	0.21371088176965714
5	0.08174228899437806	0.23971758484840394
6	0.07501280050853203	0.23393292874097824
7	0.06700102843601129	0.2547603100538254
8	0.061536003674926426	0.24420328214764594
9	0.06026107406821744	0.273526756465435
10	0.05672026194375137	0.24976516366004944
11	0.05278292889225072	0.2554062619805336
