Opt_Th	P	R	F1	P_5	R_5	F1_5
0.13971461	0.401755582681123	0.5708565015558843	0.4716058747919169	0.544771474301974	0.3125286945875631	0.3971927777237511
