Opt_Th	P	R	F1	P_5	R_5	F1_5
0.36859658	0.6587398183690666	0.6479020227754074	0.6532759741264584	0.7125823302293891	0.5778262070659014	0.6381680424428361
