Opt_Th	P	R	F1	P_5	R_5	F1_5
0.17844948	0.5271588822266965	0.5050984715185177	0.5158929499393728	0.6243815963060686	0.3210659091390897	0.4240693295252496
