Epoch	Train Loss	Test Loss
1	0.22111928910017015	0.16563161611557006
2	0.13269311673939227	0.2832756727933884
3	0.11369755901396275	0.1819441109895706
4	0.09500728771090508	0.2321486234664917
5	0.08545040115714073	0.2197609931230545
6	0.07299446314573288	0.24356337487697602
7	0.06522301007062196	0.2532948821783066
8	0.06120948866009712	0.23381030857563018
9	0.05777002088725567	0.27454534471035
10	0.05562157016247511	0.2792760252952576
