Opt_Th	P	R	F1	P_5	R_5	F1_5
0.21094897	0.35269886045626525	0.6085209934721311	0.4465672657180113	0.5370487650411653	0.03275522422650547	0.0617445755060434
