Opt_Th	P	R	F1	P_5	R_5	F1_5
0.24468076	0.2958964600258606	0.51423544126688	0.3756436364199491	0.47941176470588237	0.03455512921074389	0.06446382313974412
