Opt_Th	P	R	F1	P_5	R_5	F1_5
0.2198011	0.34850264239577217	0.5146916288323216	0.4155991267454792	0.0	0.0	0.0
