Opt_Th	P	R	F1	P_5	R_5	F1_5
0.1284479	0.35610997127615923	0.5533846860174463	0.43335230847589656	0.5027387255796969	0.14046319440901903	0.21957735247208932
