Opt_Th	P	R	F1	P_5	R_5	F1_5
0.22393568	0.3141708608405778	0.5687156126131456	0.4047493736973959	0.0	0.0	0.0
