Opt_Th	P	R	F1	P_5	R_5	F1_5
0.1853	0.49028634739918625	0.5441054885416887	0.5157958199356913	0.5905146459816527	0.35343749337516694	0.4422046575778474
