Opt_Th	P	R	F1	P_5	R_5	F1_5
0.104299404	0.4422793963089082	0.6458454832867798	0.5250208975334673	0.7453624254310697	0.27996562202645875	0.4070421278114959
