Opt_Th	P	R	F1	P_5	R_5	F1_5
0.22475933	0.3142331900043622	0.5966396497663137	0.41165785660346554	0.4847942754919499	0.032065313849612496	0.06015204483657955
