Epoch	Train Loss	Test Loss
1	0.35311463475227356	0.36660910248756406
2	0.14250930696725844	0.16369694769382476
3	0.11402190960943699	0.18664009273052215
4	0.10233954973518848	0.19661953002214433
5	0.0917280588299036	0.200486196577549
6	0.08152015767991543	0.2291334480047226
7	0.07187004648149013	0.20563074797391892
8	0.0672948770225048	0.22226743996143342
9	0.06380660850554705	0.2465359091758728
10	0.06179922092705965	0.22879913151264192
11	0.059017363935709	0.26205736100673677
