Opt_Th	P	R	F1	P_5	R_5	F1_5
0.11765272	0.29875087719298243	0.629651541146542	0.4052314955833079	0.2925170068027211	0.005087854227060285	0.010001744490318078
