Opt_Th	P	R	F1	P_5	R_5	F1_5
0.19079766	0.3987106616471051	0.6259028931206304	0.48711859311588757	0.3681257014590348	0.012669473521572869	0.024495892457057505
