Opt_Th	P	R	F1	P_5	R_5	F1_5
0.14991176	0.39660025387714554	0.5551392483294063	0.46266518582902766	0.5611340815121086	0.07339024296033064	0.12980358667805295
