Opt_Th	P	R	F1	P_5	R_5	F1_5
0.16586657	0.34843473250677537	0.6306925721348835	0.4488797250859107	0.0	0.0	0.0
