Epoch	Train Loss	Test Loss
1	0.2751360073685646	0.16844641864299775
2	0.1415875069797039	0.1619316264986992
3	0.13494248166680337	0.1660363882780075
4	0.12831716164946555	0.16828021556138992
5	0.12626449391245842	0.16957927793264388
6	0.1232306819409132	0.17309705466032027
7	0.12216142378747463	0.17764996737241745
8	0.11824079342186451	0.17877559065818788
9	0.11418057344853878	0.19373916536569596
10	0.11180522032082081	0.1750048041343689
11	0.10701979286968707	0.18491696417331696
