Opt_Th	P	R	F1	P_5	R_5	F1_5
0.31107512	0.3972145939584151	0.6215660394732804	0.4846874663411482	0.46674514420247204	0.02434083305196599	0.04626874380068849
