Opt_Th	P	R	F1	P_5	R_5	F1_5
0.1804246	0.4390615680296905	0.6100555572608122	0.5106235387816972	0.5538338840150393	0.29841308818564105	0.38784832345959747
