Epoch	Train Loss	Test Loss
1	0.24325063649345846	0.1910032033920288
2	0.14401418321272907	0.253470242023468
3	0.1174917492796393	0.24992297802652633
4	0.10454739761703155	0.24971066841057368
5	0.08616605751654681	0.2675203425543649
6	0.07294281155747526	0.2664578216416495
7	0.06600495274452602	0.2403894535132817
8	0.06103820923496695	0.26349700348717825
9	0.05624162471469711	0.24313744476863317
10	0.05168911792776164	0.2564953735896519
