Opt_Th	P	R	F1	P_5	R_5	F1_5
0.2330778	0.39899686269807966	0.612879462230271	0.48333373677712954	0.5490970654627539	0.11946345805580282	0.19623364509541935
