Opt_Th	P	R	F1	P_5	R_5	F1_5
0.14315113	0.49468328204503215	0.627138939317857	0.5530914665304036	0.6730332351703828	0.308972922862992	0.42351882247048234
