Opt_Th	P	R	F1	P_5	R_5	F1_5
0.09712113	0.30412030163606696	0.5276998418609397	0.3858628246374784	0.5346001134429949	0.14423812681732387	0.2271814237506026
