Epoch	Train Loss	Test Loss
1	0.2906992327550362	0.22384088188409806
2	0.12764228623488855	0.1772654950618744
3	0.10636223518642886	0.19419948756694794
4	0.09052333852340436	0.2083418071269989
5	0.08111956946808717	0.20495318472385407
6	0.07319522315058215	0.22821150720119476
7	0.06963075980030257	0.22670623064041137
8	0.06291563410697312	0.2241514205932617
9	0.05830443483488313	0.25037591010332105
10	0.05498535057594036	0.2395307280123234
11	0.050544553147307755	0.2576753363013268
