Opt_Th	P	R	F1	P_5	R_5	F1_5
0.39500526	0.5605211726384365	0.5472006105446143	0.5537808004634149	0.6069971440228478	0.5046320832715016	0.5511014388739046
