Opt_Th	P	R	F1	P_5	R_5	F1_5
0.29385993	0.8505616949859033	0.985831374882044	0.9132145170317497	0.8555707948809463	0.9720508677913593	0.9100990107601763
