Opt_Th	P	R	F1	P_5	R_5	F1_5
0.407924	0.8456372070652163	0.9858771380524237	0.9103880532025549	0.8480214576078111	0.9814954593087213	0.9098896023779188
