Opt_Th	P	R	F1	P_5	R_5	F1_5
0.49011812	0.8567762155852359	0.9918984775802342	0.9193992074514578	0.8591244929495847	0.9880525106388887	0.9190890862772069
