Opt_Th	P	R	F1	P_5	R_5	F1_5
0.28561714	0.878704831993379	0.9928936601319882	0.9323158364193948	0.8844852932171493	0.9835898705968725	0.9314087483761478
