Opt_Th	P	R	F1	P_5	R_5	F1_5
0.41177312	0.8928842666660578	0.9863367457316438	0.9372868396939832	0.8953778560693954	0.9819481514865761	0.9366669689874235
