Opt_Th	P	R	F1	P_5	R_5	F1_5
0.48868075	0.8441413377550525	0.9867512725347409	0.9098922946629144	0.8443698165754536	0.9863365075981345	0.9098485813974179
