Opt_Th	P	R	F1	P_5	R_5	F1_5
0.5020036	0.9127951198754986	0.9911429757189624	0.9503570241370412	0.9127011039574903	0.991246766668657	0.9503537698595134
