Epoch	Train Loss	Test Loss
1	0.20380620008050385	0.20886828604282118
2	0.17311403338434334	0.18565191598791703
3	0.16342064233149511	0.2556195773330389
4	0.158054064264742	0.22151981710511096
5	0.15228553327842284	0.1969898670692654
6	0.14477676749860835	0.2405582998020976
7	0.1388615979418411	0.24601692706346512
8	0.1332004192458876	0.27735353213753183
9	0.12706506466966563	0.27146042901657375
10	0.12325401749398748	0.28600297804337504
11	0.11527108786217237	0.35779799480794694
