Opt_Th	P	R	F1	P_5	R_5	F1_5
0.38262182	0.8599958142829545	0.988927225141794	0.9199661166178185	0.8687790946559929	0.9721340951217311	0.9175552478344248
