Opt_Th	P	R	F1	P_5	R_5	F1_5
0.4589412	0.8656466746518904	0.9896299606577715	0.9234955782605383	0.8663770396197173	0.9885487574730477	0.9234395762478229
