Opt_Th	P	R	F1	P_5	R_5	F1_5
0.41826436	0.8773938902137911	0.9898247310891723	0.9302244113590987	0.8800904539371256	0.9855670564523038	0.9298471485449972
