Opt_Th	P	R	F1	P_5	R_5	F1_5
0.15415138	0.893966873978815	0.9907006240272824	0.9398512372580488	0.9024784366570361	0.9499272518815016	0.9255951506954109
