Epoch	Train Loss	Test Loss
1	0.1821543469020795	0.18857389841255523
2	0.1724344825538347	0.20943237439119558
3	0.1607083398950556	0.19670915753051316
4	0.15399467354752328	0.1915855909020995
5	0.14984400558178543	0.23004171762803047
6	0.14885395217028688	0.19225630263978843
7	0.14399494384101613	0.2237857850837997
8	0.14266180176498242	0.2155946651942653
9	0.141161268987508	0.21898241593040152
10	0.13831654588652872	0.2477246077744652
