Opt_Th	P	R	F1	P_5	R_5	F1_5
0.48794147	0.9109934630305151	0.9931487653078751	0.9502987954863166	0.9126039619178798	0.9908893955577769	0.950136846716057
