Opt_Th	P	R	F1	P_5	R_5	F1_5
0.22865222	0.9118792558371508	0.9951992262856477	0.9517191226078024	0.9213008190708741	0.9252895347320048	0.9232908690015871
