Opt_Th	P	R	F1	P_5	R_5	F1_5
0.4376557	0.8735349142333321	0.9866524557684043	0.9266543599067174	0.8755542963709019	0.9833777249065224	0.9263389754356748
