Opt_Th	P	R	F1	P_5	R_5	F1_5
0.35431513	0.8661107310988613	0.9962234548445993	0.9266219041951095	0.8718991210686106	0.9875434175419597	0.9261251368545321
