Opt_Th	P	R	F1	P_5	R_5	F1_5
0.19390187	0.5225514697131977	0.5553307196155305	0.5384426732066218	0.6387611162220178	0.26343746047805744	0.3730300859598854
