Opt_Th	P	R	F1	P_5	R_5	F1_5
0.18466751	0.5384806401177228	0.5685583328477928	0.5531108885823871	0.7646541753411983	0.32100060207034514	0.45217771941343843
