Opt_Th	P	R	F1	P_5	R_5	F1_5
0.22776498	0.5969733656174334	0.5267241546738138	0.5596529060349363	0.7182365271485563	0.4125929810250733	0.5241096870489841
