Opt_Th	P	R	F1	P_5	R_5	F1_5
0.19043943	0.46145949039011747	0.8003210741389375	0.5853882448387028	0.8072720864661654	0.401138353765324	0.5359566336479213
