Epoch	Train Loss	Test Loss
1	0.0909670075667756	0.030703482627172336
2	0.028403020437274662	0.03383400183275481
3	0.023012141351188932	0.043094609785720564
4	0.019391237731490818	0.05265024537655795
5	0.01651448163070849	0.04296695277373368
6	0.01388730193887438	0.04919603696771871
7	0.011534876855356353	0.0529518562290713
8	0.00992229732551745	0.051540331619086666
9	0.008299187131758248	0.04930966723466588
10	0.007183704751410655	0.06374746327784574
