Opt_Th	P	R	F1	P_5	R_5	F1_5
0.30642402	0.6596951435661113	0.47883699987134953	0.5549012299664554	0.7319291527046433	0.393413096616493	0.5117563383817254
