Epoch	Train Loss	Test Loss
1	0.06548196538272551	0.029357079416513443
2	0.026876824450189785	0.04872909809152285
3	0.021509401942208663	0.054458958407243095
4	0.017255369921104383	0.058077942579984665
5	0.013847862954361963	0.06750123451153438
6	0.011383535119436555	0.065056671284967
7	0.009545022748031859	0.08382382326655918
8	0.00821088070555006	0.07030445295903417
9	0.0071726848087194615	0.08027548508511649
10	0.0061444003466453595	0.07640091660949919
