Opt_Th	P	R	F1	P_5	R_5	F1_5
0.2688078	0.5794326241134752	0.5255371156567605	0.5511704783107333	0.7260244115082825	0.4285346712980831	0.5389531591295202
