Epoch	Train Loss	Test Loss
1	0.03865175984550122	0.029731002088417027
2	0.02060685969639424	0.03322397320366958
3	0.015966249140780733	0.03788011603276519
4	0.013116153987259838	0.036968866472735125
5	0.011048059306997161	0.04083643382524743
6	0.009711832687383591	0.04344400763511658
7	0.008470194216547065	0.0459501515416538
8	0.0075428489460375725	0.048583760254961604
9	0.006790939492157884	0.04804212156244937
10	0.006167212293051475	0.057514153092223054
