Opt_Th	P	R	F1	P_5	R_5	F1_5
0.27686498	0.8122563880467735	0.47438978120652586	0.5989620758483034	0.8141921397379913	0.47160743644871633	0.5972611515976616
