Opt_Th	P	R	F1	P_5	R_5	F1_5
0.1542774	0.460798074994987	0.6775762936753649	0.5485468759324462	0.7799274486094316	0.3993808049535604	0.5282555282555282
