Opt_Th	P	R	F1	P_5	R_5	F1_5
0.24120261	0.6029700496198194	0.4980392156862745	0.5455044567885287	0.7774109074348172	0.4026536930561698	0.5305258250616733
