Epoch	Train Loss	Test Loss
1	0.0950026553604872	0.02982070967555046
2	0.02864927558168288	0.03147010909659522
3	0.025479813316656698	0.031675820318715915
4	0.02105228783142182	0.03377295035336699
5	0.01817633680278255	0.03845302286956991
6	0.0148358115205361	0.041365461264337815
7	0.012130302437130482	0.04421597655330386
8	0.010128814486726638	0.04900442808866501
9	0.00855335635283301	0.05391467309423855
10	0.007389970439215822	0.055466873518058235
