Opt_Th	P	R	F1	P_5	R_5	F1_5
0.18745679	0.4587792642140468	0.8007880910683012	0.5833510525196682	0.8012097243224381	0.4021015761821366	0.5354685738718078
