Epoch	Train Loss	Test Loss
1	0.09733038010486102	0.03265096019539568
2	0.03413698323449846	0.033535600950320564
3	0.03179904307096691	0.03303359241949187
4	0.029694713336431373	0.03786259061760373
5	0.02773171555945429	0.04174818512466219
6	0.025938508306014334	0.040956169780757695
7	0.022052318173444878	0.04985158104035589
8	0.018364227455803902	0.04560522693726751
9	0.015017141698528145	0.050073270996411644
10	0.012314082644248412	0.05575830530789164
