Opt_Th	P	R	F1	P_5	R_5	F1_5
0.5472487	0.970348634782937	0.973740983723872	0.9720418495052459	0.9670728961675727	0.976401403455599	0.9717147618005276
