Opt_Th	P	R	F1	P_5	R_5	F1_5
0.41725495	0.9468032517571546	0.9530094593296841	0.9498962184882748	0.9538647624034052	0.9447685585326034	0.9492948708670459
