Opt_Th	P	R	F1	P_5	R_5	F1_5
0.5121961	0.9740819680822862	0.9667258104913989	0.970389948428016	0.9734978552136843	0.9672730487273554	0.970375469283817
