Opt_Th	P	R	F1	P_5	R_5	F1_5
0.45318732	0.9817343248650121	0.9801698584111826	0.9809514678677558	0.9838541970824587	0.9778931174527862	0.9808646004257733
