Opt_Th	P	R	F1	P_5	R_5	F1_5
0.51111263	0.9530435250273349	0.9560317799608019	0.9545353137524997	0.9519830569587576	0.957026725152713	0.9544982282850442
