Opt_Th	P	R	F1	P_5	R_5	F1_5
0.44581488	0.9764925322654834	0.973534000282997	0.9750110219684973	0.979030736388777	0.9708711791641954	0.9749338855397829
