Opt_Th	P	R	F1	P_5	R_5	F1_5
0.4994282	0.9720753769965873	0.9671516373763565	0.9696072564454116	0.972098394064936	0.96711502448862	0.9696003061722779
