Opt_Th	P	R	F1	P_5	R_5	F1_5
0.4733051	0.9642239679062702	0.9672498963404496	0.9657345618497936	0.9656410547827862	0.9656776387932976	0.9656593464415455
