Opt_Th	P	R	F1	P_5	R_5	F1_5
0.42734113	0.9704094406922601	0.9751878661288773	0.9727927854569142	0.974722177848374	0.9705128205128205	0.9726129447979152
