Epoch	Train Loss	Test Loss
1	0.23154775864548152	0.15849724324310527
2	0.10508439491192499	0.140028937774546
3	0.08970225569274691	0.16403609207447836
4	0.07998084566659397	0.16050549903336694
5	0.07420945722195837	0.15382435698719585
6	0.07066489507754643	0.16384274512529373
7	0.08018171124988133	0.17963206242112553
8	0.06590407383110788	0.1637952165568576
9	0.0666819746295611	0.21287759612588322
10	0.06998090917865435	0.16535653787500718
11	0.05574547408355607	0.1764911430723527
