Epoch	Train Loss	Test Loss
1	0.22942385494709014	0.18400472324145467
2	0.1143257263302803	0.18626327891098826
3	0.09716700196266174	0.18606619497663096
4	0.08704596891999244	0.19409771969443873
5	0.07918059796094895	0.20306203631978287
6	0.07226916164159775	0.20722864842728564
7	0.0674660224467516	0.2169123511565359
8	0.06127876870334149	0.2287672985541193
9	0.05907735250890255	0.23380640658893084
10	0.0538691146671772	0.22685254129924273
