Opt_Th	P	R	F1	P_5	R_5	F1_5
0.23275246	0.31157721937085275	0.5178495118503665	0.3890641689768651	0.0	0.0	0.0
