Epoch	Train Loss	Test Loss
1	0.20599322269360223	0.17770312229792276
2	0.13155102543532848	0.23440034439166388
3	0.11251104685167472	0.20174440244833627
4	0.09724669934560855	0.22317663952708244
5	0.08165065043916304	0.24031145125627518
6	0.07448297382021944	0.2660915826757749
7	0.06934656280403335	0.28410594910383224
8	0.06481697581087549	0.26834434022506076
9	0.058759951343139015	0.2923728699485461
10	0.05359312705695629	0.26213088383277255
