Epoch	Train Loss	Test Loss
1	0.3204963207244873	0.26828567186991376
2	0.13503325513253608	0.17747016002734503
3	0.11425141400347154	0.19032809883356094
4	0.10367991464833419	0.1873899313310782
5	0.092024317321678	0.2228115995724996
6	0.0843676036844651	0.20785953849554062
7	0.07604894104103248	0.21537323171893755
8	0.06998243369162083	0.24968854834636053
9	0.06626676085094611	0.23736525451143584
10	0.06026370342200001	0.2603180979688962
11	0.05757108253116409	0.2563269001742204
