Opt_Th	P	R	F1	P_5	R_5	F1_5
0.22131923	0.3148039359671024	0.5863499589678125	0.4096642670573995	0.5	0.0001367739582383514	0.00027347310847766635
