Opt_Th	P	R	F1	P_5	R_5	F1_5
0.22214285	0.3669324895877054	0.5756470647824545	0.44818203328338196	0.5367864693446088	0.032150635668338146	0.060667606508805046
