Opt_Th	P	R	F1	P_5	R_5	F1_5
0.18374811	0.34382858340318523	0.5984316586122003	0.43673265679587425	0.26506024096385544	0.0010030090270812437	0.0019984557387473316
