Opt_Th	P	R	F1	P_5	R_5	F1_5
0.51776886	0.6937007023230686	0.527612504519904	0.5993633130128737	0.6851550100518463	0.5321488445481739	0.5990360509542354
