Opt_Th	P	R	F1	P_5	R_5	F1_5
0.12269965	0.43919704470447046	0.5931596008711949	0.5046975671773655	0.6281229524542062	0.2792002228637998	0.38657023887793124
