Epoch	Train Loss	Test Loss
1	0.18521617498901702	0.1907571441962482
2	0.17742780030183367	0.19345695052226508
3	0.175553984453588	0.19295526504146387
4	0.17252570435507192	0.19164832026020895
5	0.16019754288430066	0.2212334515017845
6	0.1570090293321003	0.20218787415774528
7	0.1523949816643782	0.20738931651001577
8	0.14919653725634327	0.2125611032492348
9	0.15385982156107106	0.21926423533594017
10	0.14983053369722826	0.2164721467318187
