Epoch	Train Loss	Test Loss
1	0.20019742854169964	0.18442533523862406
2	0.1815340982116375	0.1855592895183504
3	0.1794180622471567	0.19244919138850633
4	0.17852436361956023	0.1888810654188165
5	0.17810357879220007	0.19133651561988807
6	0.17757637248313712	0.19268260949424335
7	0.17715422215125814	0.1943280143859964
8	0.1767091679665231	0.1933090776459586
9	0.1772916182312359	0.1947109019788711
10	0.17680477847655615	0.19695471177421373
