Epoch	Train Loss	Test Loss
1	0.17631417658832885	0.18046938305755394
2	0.15151219593546644	0.2116806594111164
3	0.14554230651187733	0.18350200610732811
4	0.1409545052809404	0.18497902170251707
5	0.135063149521441	0.1932266302181188
6	0.12748752204106026	0.20285922812980525
7	0.11847022929808118	0.2161184135674042
8	0.10786627560751545	0.23707222672734665
9	0.09681259651261916	0.2471260121902046
10	0.08910307336816263	0.2952074698831956
