Opt_Th	P	R	F1	P_5	R_5	F1_5
0.5301437	0.8639607440296797	0.9892950188591204	0.9223897507013084	0.8619332222286076	0.9914628455885212	0.9221717689565938
