Epoch	Train Loss	Test Loss
1	0.18278885497149758	0.20191198706626892
2	0.16646320956372532	0.2356555445988973
3	0.15846891238036087	0.3159595549106598
4	0.15116195568094956	0.22769564231236775
5	0.14715832976171087	0.3148041281104088
6	0.14576062579888752	0.2554938791195552
7	0.14338537421389835	0.22864189545313518
8	0.14035740904586202	0.24866270462671916
9	0.13776190752632048	0.23179173121849697
10	0.1378503734348742	0.24594472085436186
