Epoch	Train Loss	Test Loss
1	0.20270969709420106	0.16892515875525393
2	0.18698498470654626	0.25128919133695504
3	0.1807736011214276	0.23804350043252362
4	0.17516222175720816	0.2989135803307517
5	0.16695686834729065	0.2512387435188738
6	0.16018032514455408	0.23647079827674364
7	0.15914386690157578	0.23544241884502315
8	0.15746386120428188	0.2855406375759739
9	0.14897788053231614	0.342223630390935
10	0.14570012141436461	0.41642339612846657
