Epoch	Train Loss	Test Loss
1	0.16745240754636703	0.18469860670243546
2	0.14836649053899692	0.19309669955176598
3	0.1427149736159241	0.20060832825668665
4	0.13760852877729127	0.21242815119891156
5	0.13075226253455446	0.20365269511058834
6	0.12142017696219212	0.22710177817769486
7	0.10940381540209566	0.26323489392008514
8	0.09854058331179455	0.31306062786267225
9	0.08832874558738008	0.3151634718256754
10	0.07797074099663402	0.34348252137417196
