Opt_Th	P	R	F1	P_5	R_5	F1_5
0.39171976	0.8954672609365794	0.9929481017809049	0.9416916791805873	0.8987864578268447	0.9885611316135714	0.9415386575312225
