Opt_Th	P	R	F1	P_5	R_5	F1_5
0.37045813	0.8935442615795575	0.987657052534606	0.9382465184130953	0.8968697780594977	0.9785334351893249	0.9359236015403033
