Opt_Th	P	R	F1	P_5	R_5	F1_5
0.3927132	0.8958867494453988	0.9927654484843655	0.9418413952333612	0.8982337935902656	0.989376959497278	0.9416049555411987
