Opt_Th	P	R	F1	P_5	R_5	F1_5
0.596273	0.8812633821708263	0.9866304192002472	0.930975047445216	0.879415916886457	0.987824848716141	0.9304733605433899
