Opt_Th	P	R	F1	P_5	R_5	F1_5
0.36264065	0.8576759259884754	0.9873828595870436	0.9179702186424502	0.8599428329406557	0.9819501691488121	0.9169056066844959
