Opt_Th	P	R	F1	P_5	R_5	F1_5
0.5496114	0.857801884618803	0.989848154916981	0.9191065349015586	0.856248224000309	0.9915513084729946	0.918946056609039
