Opt_Th	P	R	F1	P_5	R_5	F1_5
0.09357106	0.8646915170089784	0.9921681183652836	0.9240540739357518	0.8862526672719755	0.8293166971264144	0.8568398924507626
