Opt_Th	P	R	F1	P_5	R_5	F1_5
0.25978413	0.9060511146073835	0.9938623085637127	0.9479274597022792	0.9145666360146152	0.9715481641698173	0.9421966638977426
