Opt_Th	P	R	F1	P_5	R_5	F1_5
0.56127983	0.8963413986714914	0.9922299475712165	0.9418513955314742	0.8963287191261762	0.9922469905107264	0.941852073520817
