Opt_Th	P	R	F1	P_5	R_5	F1_5
0.35279855	0.9135824869184186	0.9912999907615514	0.950855836466248	0.9194220726740188	0.9781068749807532	0.9478570025537497
