Opt_Th	P	R	F1	P_5	R_5	F1_5
0.48876932	0.8789802431136682	0.9925783465246443	0.932331759387988	0.8814560482302606	0.9889821841476903	0.9321284314218461
