Opt_Th	P	R	F1	P_5	R_5	F1_5
0.5734813	0.8814662419418422	0.9889626552032854	0.9321254568226737	0.8814560482302606	0.9889821841476903	0.9321284314218461
