Opt_Th	P	R	F1	P_5	R_5	F1_5
0.1960678	0.8655359309235616	0.9900532721546059	0.9236167996200145	0.8759673812493698	0.9670184119454057	0.9192437500707509
