Opt_Th	P	R	F1	P_5	R_5	F1_5
0.33712876	0.8908275959439876	0.9912533240118081	0.9383611578418908	0.8954517445199579	0.9797849241349605	0.9357220176377163
