Epoch	Train Loss	Test Loss
1	0.19734239392755437	0.20821415156883707
2	0.1574268028820204	0.16784356103862746
3	0.14469559367019605	0.18387595866570028
4	0.131379977270528	0.21069130975816208
5	0.12125752891000376	0.18538552730391591
6	0.1132146588128632	0.21046940398292016
7	0.10583807070472923	0.2354406599965641
8	0.09868207685185666	0.24279587567799676
9	0.09306554320071247	0.2778567783471386
10	0.08659365745377244	0.2485367429237497
11	0.08018698778266234	0.26494592709182685
