Opt_Th	P	R	F1	P_5	R_5	F1_5
0.18675148	0.4682873051535746	0.5700186852386615	0.514169265067533	0.6993669714581868	0.32091048072023104	0.4399473702595391
