Opt_Th	P	R	F1	P_5	R_5	F1_5
0.43665186	0.5837723424270931	0.5476327052905617	0.5651253329690595	0.7002490532564566	0.45283060495080085	0.5499953106368155
