Opt_Th	P	R	F1	P_5	R_5	F1_5
0.1286455	0.47591102932948737	0.6502123322575165	0.5495725084529185	0.6826522644456012	0.1782062170885001	0.28263153640992483
