Opt_Th	P	R	F1	P_5	R_5	F1_5
0.17417254	0.4495913778951501	0.833826060097957	0.5841918555673202	0.8046228603948693	0.40550677315448086	0.5392480452991829
