Opt_Th	P	R	F1	P_5	R_5	F1_5
0.22430359	0.7203224016587332	0.41899099711228127	0.5298078678594825	0.7668576845189367	0.30232716154238154	0.4336797475602773
