Opt_Th	P	R	F1	P_5	R_5	F1_5
0.49786115	0.8125588697017269	0.4384476687198228	0.5695646364372342	0.8127244165170556	0.43824194973196023	0.5694316689859037
