Opt_Th	P	R	F1	P_5	R_5	F1_5
0.27343464	0.7686985979877962	0.45581277151881117	0.572281560035856	0.8918515113205379	0.1878093348016022	0.3102789911934346
