Opt_Th	P	R	F1	P_5	R_5	F1_5
0.13526893	0.19066698703945714	0.37390949536845536	0.25255106838062685	0.0	0.0	0.0
