Opt_Th	P	R	F1	P_5	R_5	F1_5
0.13028131	0.1809335960519308	0.2981542845892274	0.2252034712997714	0.0	0.0	0.0
