Opt_Th	P	R	F1	P_5	R_5	F1_5
0.1474334	0.16936188710132394	0.26508715845346525	0.20667860528810703	0.0	0.0	0.0
