Opt_Th	P	R	F1	P_5	R_5	F1_5
0.49749845	0.960745017451153	0.958907921239061	0.959825590300144	0.9609190361328362	0.9587199611057091	0.9598182390254162
