Opt_Th	P	R	F1	P_5	R_5	F1_5
0.38250148	0.6902610429376962	0.9113620756974024	0.78555027027938	0.7379128018524644	0.8260426745127826	0.7794946513644571
