Opt_Th	P	R	F1	P_5	R_5	F1_5
0.33401218	0.5667278978273425	0.9618427906653702	0.7132194106530764	0.6766181495857797	0.5742416481455758	0.6212404013431957
