Opt_Th	P	R	F1	P_5	R_5	F1_5
0.52362365	0.9743169277091424	0.9710833458249472	0.9726974493890425	0.9729913610657126	0.9723050552820567	0.9726480871086257
