Opt_Th	P	R	F1	P_5	R_5	F1_5
0.4236597	0.8113015561837292	0.9718527990250613	0.8843493396153284	0.811387735750876	0.9717258538792128	0.8843479685589812
