Opt_Th	P	R	F1	P_5	R_5	F1_5
0.47003177	0.9379489988985474	0.9207993297680234	0.9292950489558159	0.9416383355812424	0.9167636130018058	0.9290345001270205
