Opt_Th	P	R	F1	P_5	R_5	F1_5
0.4931707	0.9812367389129989	0.9839507763377605	0.9825918835041862	0.9815473399957412	0.9836301611594855	0.9825876468238818
