Opt_Th	P	R	F1	P_5	R_5	F1_5
0.4282976	0.9734582526755269	0.9746731316849563	0.9740653133733965	0.9770439884594926	0.9703687144047785	0.97369491079512
