Opt_Th	P	R	F1	P_5	R_5	F1_5
0.5313758	0.98815276211984	0.9820369605622471	0.9850853691007124	0.9874051082028422	0.9827301710689483	0.9850620930530195
