Opt_Th	P	R	F1	P_5	R_5	F1_5
0.5049505	0.9457334560754984	0.9385931026147071	0.9421497507326364	0.945277671828856	0.9390315434480053	0.9421442552717826
