Opt_Th	P	R	F1	P_5	R_5	F1_5
0.42878407	0.9732296997195929	0.9781276661103462	0.9756725358925982	0.9775720642033724	0.9733201170497193	0.9754414570914968
