Opt_Th	P	R	F1	P_5	R_5	F1_5
0.4667394	0.973405019525209	0.976658459645502	0.9750290256038032	0.9752675218659137	0.9745478129974204	0.9749075346034843
