Opt_Th	P	R	F1	P_5	R_5	F1_5
0.38424462	0.6658687918297617	0.6453041991121461	0.6554252267152051	0.7372432074221339	0.5667345899133979	0.6408410138248849
