Epoch	Train Loss	Test Loss
1	0.24930404014885427	0.21782833550657546
2	0.10045207925140857	0.19104547266449248
3	0.08081405032426119	0.22045845964125224
4	0.07152129430323839	0.20734755481992448
5	0.06398057900369167	0.2242056280374527
6	0.05839087255299091	0.2138078287243843
7	0.05312575893476605	0.223341703414917
8	0.0476145570166409	0.23558342989001954
9	0.04484140332788229	0.21932184909071242
10	0.04157132711261511	0.24045804142951965
11	0.039082360826432704	0.23466477755989348
