Opt_Th	P	R	F1	P_5	R_5	F1_5
0.1608357	0.5901230577424792	0.5970149253731343	0.5935489863688085	0.719386674573256	0.3967019363277509	0.5113968263527144
