Opt_Th	P	R	F1	P_5	R_5	F1_5
0.08773213	0.16104317076764402	0.24270012212723438	0.19361410034985163	0.0	0.0	0.0
