Opt_Th	P	R	F1	P_5	R_5	F1_5
0.08720873	0.13797435226380528	0.292661263461752	0.1875355719977234	0.0	0.0	0.0
