Opt_Th	P	R	F1	P_5	R_5	F1_5
0.31186646	0.5873974263334577	0.5885361922780464	0.5879662579192384	0.640402707664066	0.5215004788265246	0.5748677214619514
