Opt_Th	P	R	F1	P_5	R_5	F1_5
0.2585783	0.8094848036764785	0.6922167236736774	0.7462720233804573	0.8800154167165052	0.6023488101302671	0.7151767825415427
