Opt_Th	P	R	F1	P_5	R_5	F1_5
0.41465458	0.8320978034243834	0.7188432428498653	0.7713354222183177	0.8573569850786639	0.6920438832690489	0.7658814054162891
