Opt_Th	P	R	F1	P_5	R_5	F1_5
0.113299504	0.1823904028436019	0.273453980237593	0.21882635156145883	0.0	0.0	0.0
