Opt_Th	P	R	F1	P_5	R_5	F1_5
0.21149354	0.5638474653085007	0.610258566323313	0.586135726303982	0.641660976164927	0.46091140541424336	0.5364706522034636
