Opt_Th	P	R	F1	P_5	R_5	F1_5
0.35679632	0.7845753271796478	0.7291408922203624	0.7558430658827191	0.8368526164617179	0.678507750527618	0.7494072019934088
