Opt_Th	P	R	F1	P_5	R_5	F1_5
0.4271582	0.8444755783236901	0.7182974310457754	0.7762926987528941	0.8616400611313767	0.7026417291317953	0.7740603594710654
