Opt_Th	P	R	F1	P_5	R_5	F1_5
0.34938082	0.6487734986783923	0.6134351715600401	0.6306096477537396	0.6716243802857976	0.5379207250134305	0.5973827218136778
