Epoch	Train Loss	Test Loss
1	0.17897183261811733	0.17306546618541083
2	0.09841841293705834	0.14252606530984244
3	0.08197962368528049	0.1482947294910749
4	0.07194271901001532	0.1474623903632164
5	0.064693381699423	0.14758479657272497
6	0.05961860509382354	0.16836348113914332
7	0.054873483462466136	0.1809697151184082
8	0.05156724051468902	0.17070178066690764
9	0.05014929868694809	0.16740248103936514
10	0.04768105399691396	0.1856093772997459
11	0.04566953093227413	0.18090100089708963
