Opt_Th	P	R	F1	P_5	R_5	F1_5
0.23583516	0.31075860124083476	0.514773550089926	0.3875568216788443	0.0	0.0	0.0
