Opt_Th	P	R	F1	P_5	R_5	F1_5
0.06668391	0.1319082377476538	0.28089263905851003	0.1795153794302338	0.13861386138613863	0.003108693238592206	0.006081007709849061
