Opt_Th	P	R	F1	P_5	R_5	F1_5
0.090295546	0.1522881606141128	0.28633285222604643	0.19882815511525714	0.367816091954023	0.003552792272676807	0.007037607213547395
