Epoch	Train Loss	Test Loss
1	0.17454009112529886	0.17792440419036307
2	0.15337220093578077	0.18239150111351096
3	0.15198437792117822	0.1840820859556702
4	0.14623599447269822	0.21117256166500567
5	0.14215907886957002	0.2235218739785167
6	0.13812953073694856	0.22676228938558907
7	0.13319990213808416	0.2642324966179719
8	0.1276585035157993	0.25926527762458773
9	0.12069446309035883	0.28135512487919273
10	0.11446083964546246	0.28347891628740857
