Opt_Th	P	R	F1	P_5	R_5	F1_5
0.43837133	0.8986099315758072	0.9885248223914238	0.9414253233826767	0.9004849026277085	0.9851565824916607	0.9409197201682172
