Opt_Th	P	R	F1	P_5	R_5	F1_5
0.434557	0.7598833752133966	0.9869207772795217	0.8586477084304184	0.7599328537170263	0.9868335824613852	0.858646290576058
