Opt_Th	P	R	F1	P_5	R_5	F1_5
0.63272333	0.7601666202766127	0.9865595416043846	0.858691704297199	0.7599328537170263	0.9868335824613852	0.858646290576058
