Opt_Th	P	R	F1	P_5	R_5	F1_5
0.5119089	0.9032864544214494	0.987665521221255	0.9435933839779664	0.9026488654468099	0.9883179280486865	0.9435428052174448
