Opt_Th	P	R	F1	P_5	R_5	F1_5
0.48322743	0.7483270556178875	0.988723147988829	0.8518904987541126	0.7489084065244668	0.9875186954852885	0.8518192923768967
