Epoch	Train Loss	Test Loss
1	0.1590953772461717	0.17442985171484843
2	0.14331375831613363	0.17951824067552624
3	0.1338908272502145	0.19466904740867733
4	0.12285735166192147	0.24779865010478125
5	0.11149639890366467	0.28502109918330815
6	0.10001048358520055	0.28958842830190556
7	0.08786091505850252	0.27808245483783145
8	0.07711001046237072	0.34013225231319666
9	0.06749696127376344	0.3700246437199479
10	0.05962435259921813	0.3931889821549235
