Opt_Th	P	R	F1	P_5	R_5	F1_5
0.5671541	0.7468336715415297	0.9888555054068006	0.8509710120166297	0.7431121766611518	0.992799756462351	0.8499988668041613
