Epoch	Train Loss	Test Loss
1	0.48137826720873517	0.5529069155454636
2	0.263355553150177	0.3497587814927101
3	0.21636111040910086	0.35109803080558777
4	0.16086577624082565	0.6277052313089371
5	0.14427854617436728	0.8955146595835686
6	0.1381664276123047	1.0490968078374863
7	0.12757674107948938	0.8478254675865173
8	0.1105153461297353	0.5988150015473366
9	0.10068882256746292	0.4975133612751961
10	0.09039280191063881	0.590111494064331
11	0.08731513594587643	0.5556851103901863
