Opt_Th	P	R	F1	P_5	R_5	F1_5
0.55481064	0.7595252248279036	0.9867962132536123	0.8583718889165791	0.7580430939754431	0.9882037867463876	0.8579554978776326
