Opt_Th	P	R	F1	P_5	R_5	F1_5
0.49944866	0.7477179335926174	0.9898481860415868	0.8519126056546602	0.7487659523236215	0.9877966460630286	0.8518305036381796
