Opt_Th	P	R	F1	P_5	R_5	F1_5
0.20821117	0.8988803767324006	0.9919573783350155	0.9431280072027886	0.9083746918852794	0.9591052642145481	0.9330509235408013
