Epoch	Train Loss	Test Loss
1	0.059328814147432386	0.03530560942987601
2	0.03098495432028645	0.039906737560199364
3	0.02871028642709318	0.040395532879564496
4	0.026450874921130508	0.047769197242127526
5	0.023623651653332144	0.04964184338847796
6	0.020674677173558035	0.050308539718389514
7	0.018101857460447048	0.06048209145665169
8	0.015825883307690292	0.05964809175994661
9	0.01375826163903663	0.06110491992698775
10	0.011852511302813104	0.06084424426986112
