Opt_Th	P	R	F1	P_5	R_5	F1_5
0.16573043	0.4504510882757505	0.5209797980979564	0.4831551483789779	0.7599103757325061	0.1031501865780762	0.18164402467787952
