Opt_Th	P	R	F1	P_5	R_5	F1_5
0.22326754	0.9257303766279479	0.64898210980876	0.7630376441575397	0.9257042253521127	0.6487353485502776	0.7628581791802683
