Opt_Th	P	R	F1	P_5	R_5	F1_5
0.2980866	0.9115464722728456	0.45062582451172817	0.6031048812522877	0.9126777096647972	0.4503040638373178	0.6030637967810744
