Opt_Th	P	R	F1	P_5	R_5	F1_5
0.6202793	0.9256911428068322	0.6486119679210364	0.7627684271619268	0.9257042253521127	0.6487353485502776	0.7628581791802683
