Epoch	Train Loss	Test Loss
1	0.04479640255388068	0.040465112175378536
2	0.024808046432506097	0.049034877804418404
3	0.01996347795877802	0.0453543139828576
4	0.016210568443823018	0.0555724139428801
5	0.01352433488998366	0.06904524395035373
6	0.011600091440701172	0.05079994845307535
7	0.009951391024515033	0.0669743108873566
8	0.00883102924930618	0.06525513709833225
9	0.007887648341956696	0.06860977328485912
10	0.006920521009688903	0.06945476830005645
