Epoch	Train Loss	Test Loss
1	0.06951693634159471	0.03771043268756734
2	0.028379733870296103	0.041230369690391754
3	0.02330784357495998	0.05160146446691619
4	0.019154757543123867	0.05254363620446788
5	0.01586788110925179	0.05176435882846515
6	0.013197545721930893	0.05720764065368308
7	0.011177941433791267	0.06611494529578421
8	0.009580419827742796	0.06334457469897138
9	0.008629710091841653	0.07156012405951818
10	0.007421820611374355	0.06806978517108493
