Opt_Th	P	R	F1	P_5	R_5	F1_5
0.12849739	0.6065509254053568	0.5785578686572928	0.5922237897360174	0.8744678528544919	0.25776247627015025	0.39816103379721673
