Epoch	Train Loss	Test Loss
1	0.03868363492868163	0.033958859203590284
2	0.018960294041589096	0.05557152332945003
3	0.015185721593534018	0.05824298041148318
4	0.012284622793751103	0.05225584776037269
5	0.01056053541455563	0.053799918356041115
6	0.00895125032160673	0.06002734440068404
7	0.007754046466903059	0.06761229758461317
8	0.006854980585298368	0.07660301805784304
9	0.006127537603115106	0.07582380334950156
10	0.005525967717025574	0.0720001369714737
