Opt_Th	P	R	F1	P_5	R_5	F1_5
0.12966116	0.4810343178412388	0.5294489220583246	0.5040817917562286	0.7563409827728689	0.13917905646472564	0.23509652433361658
