Opt_Th	P	R	F1	P_5	R_5	F1_5
0.12836206	0.44701134556822164	0.7116166328817959	0.5490989593031677	0.8427050159235668	0.18163390070465588	0.2988538201582946
