Opt_Th	P	R	F1	P_5	R_5	F1_5
0.1553925	0.5117170389837933	0.7016742280425153	0.5918266729990728	0.8243481224791229	0.1556356382122977	0.2618368819920607
