Opt_Th	P	R	F1	P_5	R_5	F1_5
0.106381916	0.5018964839644283	0.5889721891523751	0.5419590426844313	0.8434719239030377	0.2358612996986175	0.3686394152997678
