Opt_Th	P	R	F1	P_5	R_5	F1_5
0.21488196	0.925297410776767	0.6525601480567551	0.7653570653353593	0.9257042253521127	0.6487353485502776	0.7628581791802683
