Opt_Th	P	R	F1	P_5	R_5	F1_5
0.118288904	0.405381094737956	0.5377308830582428	0.46226946360692667	0.7092651757188498	0.10127855697357493	0.17724732327471496
