Opt_Th	P	R	F1	P_5	R_5	F1_5
0.20365077	0.3842147250993915	0.6816825950144466	0.4914403778040141	0.7886644558335846	0.21420800823517025	0.3369087262892573
