Opt_Th	P	R	F1	P_5	R_5	F1_5
0.7521072	0.9257233592095977	0.6473781616286243	0.7619255064256153	0.9257042253521127	0.6487353485502776	0.7628581791802683
