Epoch	Train Loss	Test Loss
1	0.051408329301259735	0.03423005766752693
2	0.02426361193420825	0.040642926717797914
3	0.021933934131225984	0.03613089925299088
4	0.019378289205397106	0.043408221710059376
5	0.016737613833037675	0.04031223516083426
6	0.014257784823995905	0.0477164121137725
7	0.011955406317221267	0.05076125469058752
8	0.009857422490785648	0.05605115054382218
9	0.008070823325255475	0.05972710396680567
10	0.006579794010824778	0.06569307572725747
