Opt_Th	P	R	F1	P_5	R_5	F1_5
0.24836501	0.47991076263293553	0.5183712143366828	0.49840011247012517	0.6767389320936699	0.36441798168142525	0.47373423255601765
