Opt_Th	P	R	F1	P_5	R_5	F1_5
0.42854363	0.30833333333333335	0.6324786324786325	0.41456582633053224	0.3127962085308057	0.5641025641025641	0.4024390243902439
