Opt_Th	P	R	F1	P_5	R_5	F1_5
0.3257288	0.6924082467781583	0.6158658342390617	0.6518979298351225	0.7742619719012802	0.5228285687805947	0.6241758241758243
