Opt_Th	P	R	F1	P_5	R_5	F1_5
0.22767705	0.37033773861967695	0.5142740619902121	0.43059586819190715	0.4193363844393593	0.14946982055464927	0.22038484666265784
