Opt_Th	P	R	F1	P_5	R_5	F1_5
0.26692688	0.735233794150709	0.6282216549132607	0.6775282481383715	0.8351594973249415	0.507014129363294	0.6309730082545408
