Epoch	Train Loss	Test Loss
1	0.1923853739428876	0.24396215778376376
2	0.14033362180439393	0.25194171257317066
3	0.12810757578308904	0.26372686507446425
4	0.12007611333879072	0.26054548618516754
5	0.10769877304781729	0.25761386419513393
6	0.09991835491425956	0.2629736793626632
7	0.09762203960276361	0.2732671947617616
8	0.09089133098943909	0.2778622107580304
9	0.08792615770848829	0.2674016798181193
10	0.0841603194599721	0.2863269284633653
