Opt_Th	P	R	F1	P_5	R_5	F1_5
0.09194775	0.20701379444336507	0.43454323001631323	0.28043163574154495	0.0	0.0	0.0
