Opt_Th	P	R	F1	P_5	R_5	F1_5
0.31549206	0.8879061493980657	0.29674932616208294	0.44483068194060404	0.9398607581512956	0.2819532560400102	0.4337760050336081
