Opt_Th	P	R	F1	P_5	R_5	F1_5
0.32793012	0.9022557111080782	0.2888748516636667	0.4376329394194013	0.9476127285755992	0.27371388182768763	0.4247426629345407
