Opt_Th	P	R	F1	P_5	R_5	F1_5
0.4749618	0.9760578477722212	0.9754694427415341	0.9757635565518716	0.9776748847126016	0.9737649442395614	0.9757159974620193
