Opt_Th	P	R	F1	P_5	R_5	F1_5
0.41700518	0.9829899019628269	0.980424871865337	0.9817057114200678	0.9864711871111634	0.9764370588314426	0.9814284764005726
