Opt_Th	P	R	F1	P_5	R_5	F1_5
0.38228685	0.9502385948203594	0.9557248499860931	0.9529738263977112	0.958280777232065	0.9456819318523396	0.9519396701898396
