Opt_Th	P	R	F1	P_5	R_5	F1_5
0.43111303	0.9451961012205179	0.9416295384576342	0.9434094490003312	0.9516722678213663	0.9342335040517199	0.9428722587688583
