Opt_Th	P	R	F1	P_5	R_5	F1_5
0.4059085	0.9074795664777687	0.946378354029435	0.9265208611063447	0.9201027776297184	0.930915360372292	0.9254774885580141
