Opt_Th	P	R	F1	P_5	R_5	F1_5
0.4864011	0.9445385492072239	0.9569656432551433	0.9507114882043678	0.9456313970678242	0.9557300629844577	0.9506539115974943
