Opt_Th	P	R	F1	P_5	R_5	F1_5
0.49062225	0.9835958792800742	0.9843203193613541	0.9839579659782903	0.984074341685231	0.9838003578353842	0.9839373306871546
