Opt_Th	P	R	F1	P_5	R_5	F1_5
0.46767116	0.9379328695066212	0.9448921682609723	0.9413996574021986	0.9404062197753144	0.9422766716417673	0.9413405165583901
