Opt_Th	P	R	F1	P_5	R_5	F1_5
0.4602115	0.8969365277113174	0.9354793181117119	0.9158025709562706	0.9017910296163167	0.930130604072938	0.915741612194818
