Opt_Th	P	R	F1	P_5	R_5	F1_5
0.4783908	0.6906418995720681	0.9702686263695083	0.8069166360796366	0.6968414983354962	0.9493685512279212	0.8037363201442156
