Opt_Th	P	R	F1	P_5	R_5	F1_5
0.5700907	0.9125613206244951	0.9482575187805812	0.9300670385594051	0.9043043966623877	0.955954345383089	0.9294123424872569
