Opt_Th	P	R	F1	P_5	R_5	F1_5
0.60382175	0.8952741249964343	0.9395030177397448	0.9168554834775401	0.876754235544276	0.9565617598305726	0.9149209155507996
