Opt_Th	P	R	F1	P_5	R_5	F1_5
0.4804309	0.9838556454950576	0.9822182526794414	0.983036267257529	0.984718815649757	0.9813188597696555	0.9830158978626904
