Opt_Th	P	R	F1	P_5	R_5	F1_5
0.47160596	0.9250458647855004	0.9478951442523149	0.9363311275792088	0.9275595745501121	0.9452033267953694	0.9362983376441057
