Opt_Th	P	R	F1	P_5	R_5	F1_5
0.45893115	0.9087893651990971	0.9308523021586921	0.9196885325911556	0.9155141410601938	0.9237851900568628	0.9196310687346324
