Opt_Th	P	R	F1	P_5	R_5	F1_5
0.576622	0.8889272417272696	0.9292910480336637	0.908661113731315	0.8766591832443688	0.9403318647165297	0.9073798854718267
