Opt_Th	P	R	F1	P_5	R_5	F1_5
0.3493236	0.9337392375125827	0.9533338571815221	0.9434348159618056	0.9473999673755117	0.9344703333545367	0.9408907330011252
