Opt_Th	P	R	F1	P_5	R_5	F1_5
0.23748374	0.5046834020232297	0.4587874659400545	0.48064228367528994	0.6065410779696494	0.3588989348526133	0.4509590320196086
