Epoch	Train Loss	Test Loss
1	0.2260010372482094	0.17161436239257455
2	0.11170890372173459	0.16399903129786253
3	0.09857567005297717	0.17677450086921453
4	0.0888726427858951	0.17640487756580114
5	0.08226758884448632	0.1871425397694111
6	0.07649557263243432	0.20073034148663282
7	0.0692163437750994	0.2159494971856475
8	0.06427083829162168	0.2352907732129097
9	0.05968927372904385	0.219592509791255
10	0.057069869237203225	0.22494292445480824
11	0.05223735684857649	0.2624743562191725
