Opt_Th	P	R	F1	P_5	R_5	F1_5
0.2142716	0.33008226461184753	0.5690178350260094	0.41780152324656133	0.0	0.0	0.0
