Epoch	Train Loss	Test Loss
1	0.21065326812474625	0.1748413493235906
2	0.13234406450520392	0.3139156980646981
3	0.11062813615021498	0.19461101376348072
4	0.09209473852230154	0.2015750134984652
5	0.08115473292444063	0.24958381884627873
6	0.07596846896669139	0.21627571682135263
7	0.06863066278721976	0.21884595106045404
8	0.06246602519050888	0.24779368771447075
9	0.055626648761655975	0.24785651597711775
10	0.052308594403059586	0.23872335917419857
