Opt_Th	P	R	F1	P_5	R_5	F1_5
0.11035549	0.32014731167805194	0.45988885365731547	0.37750090755289495	0.4504232722795136	0.24418818110512175	0.3166893924636928
