Opt_Th	P	R	F1	P_5	R_5	F1_5
0.17211892	0.3967799642218247	0.515079266782264	0.4482558844531871	0.6391658282264703	0.21637354471141937	0.3233014874274214
