Opt_Th	P	R	F1	P_5	R_5	F1_5
0.13018928	0.3671842762514931	0.5643096744046328	0.44488885672747364	0.5082144068057824	0.27516229702441547	0.3570222164479667
