Opt_Th	P	R	F1	P_5	R_5	F1_5
0.23480119	0.31125941136208074	0.6195504087193461	0.4143507972665148	0.0	0.0	0.0
