Opt_Th	P	R	F1	P_5	R_5	F1_5
0.22409885	0.4582492851284552	0.5822888206630426	0.5128758559094968	0.6250425314732903	0.3104526378052559	0.4148521745676271
