Epoch	Train Loss	Test Loss
1	0.16799433733902724	0.19107697485014796
2	0.11208791811676587	0.1897715083323419
3	0.09409527875044767	0.19746460020542145
4	0.08351945248888988	0.1979741295799613
5	0.07592482543459125	0.2129791434854269
6	0.07023359710971515	0.20828888285905123
7	0.06484852745836857	0.2151439804583788
8	0.05945545434951782	0.24068439286202192
9	0.05617155127373396	0.25365923903882504
10	0.055174998573812785	0.2444957159459591
11	0.05329922557461495	0.249650988727808
