Opt_Th	P	R	F1	P_5	R_5	F1_5
0.19499432	0.44648860024240206	0.6516747050282873	0.5299126741258932	0.5143356941718576	0.40236311143004955	0.4515108102287517
