Opt_Th	P	R	F1	P_5	R_5	F1_5
0.17306319	0.49968023255813954	0.5051428235570706	0.5023966797217513	0.7318835592870415	0.31253673445397906	0.43802384727856836
