Opt_Th	P	R	F1	P_5	R_5	F1_5
0.23105243	0.359360144872859	0.6707320508126073	0.4679860073893562	0.4866158217436818	0.09165422640340253	0.15425456269258117
