Epoch	Train Loss	Test Loss
1	0.22037069228562442	0.1694050638212098
2	0.13666695898229425	0.2436447288427088
3	0.11508945138616995	0.17392985853883955
4	0.09891174970702692	0.1984187596374088
5	0.08459742773662914	0.2102216643591722
6	0.07404464652592485	0.22249314768446815
7	0.06582897613671693	0.21956060412857267
8	0.06322361613539132	0.2182542946603563
9	0.05890476331114769	0.21740242135193613
10	0.05562862296673385	0.22252182910839716
