Opt_Th	P	R	F1	P_5	R_5	F1_5
0.14627285	0.40892320386632874	0.5789456117221008	0.47930310315289176	0.49963750906227344	0.33353915989386024	0.400032024979484
