Opt_Th	P	R	F1	P_5	R_5	F1_5
0.25548285	0.3487954237101683	0.5590690019983543	0.42958112227616574	0.5223097112860893	0.03508875044081345	0.06575976207523268
