Opt_Th	P	R	F1	P_5	R_5	F1_5
0.2183895	0.3154174884944116	0.5124080038717644	0.39047467650144657	0.5002486325211337	0.03357754376595851	0.06293104796459346
