Opt_Th	P	R	F1	P_5	R_5	F1_5
0.42618185	0.6015240030480061	0.3666398315580877	0.4555895423327755	0.6683279645049535	0.34047560069358435	0.45112720260928424
