Epoch	Train Loss	Test Loss
1	0.21970810402523389	0.16772455804877812
2	0.1378055438399315	0.20502529210514492
3	0.11499881744384766	0.1695645832353168
4	0.0944304686378349	0.19800561749272877
5	0.08291439034722069	0.1829315552281009
6	0.07208483564582738	0.2054043693674935
7	0.06476460464976051	0.19428878194755977
8	0.0619771114804528	0.21622740228970846
9	0.05753531747243621	0.2157291289832857
10	0.05333631079305302	0.21888147294521332
