Opt_Th	P	R	F1	P_5	R_5	F1_5
0.39381495	0.8169206721375537	0.9912557179515787	0.8956839518618864	0.8169310344827586	0.9911999330581278	0.895667405988507
