Opt_Th	P	R	F1	P_5	R_5	F1_5
0.40959483	0.895304630015977	0.9900538740344296	0.9402984265156831	0.8977152568223241	0.9869081481692598	0.9402011026152652
