Opt_Th	P	R	F1	P_5	R_5	F1_5
0.5005767	0.8208823669541189	0.9891210746885585	0.8971828785669652	0.820877270994791	0.9891306427846988	0.897183770883055
