Opt_Th	P	R	F1	P_5	R_5	F1_5
0.45989102	0.9012926479245079	0.9864750301739555	0.9419619822630727	0.9023175767435411	0.9845300890965747	0.9416327775768624
