Opt_Th	P	R	F1	P_5	R_5	F1_5
0.44129205	0.8424138559708295	0.9898288818625057	0.9101911530642798	0.8424138559708295	0.9898288818625057	0.9101911530642798
