Opt_Th	P	R	F1	P_5	R_5	F1_5
0.44410375	0.8424119122622797	0.9899060007026383	0.9102226214253917	0.8424199994165864	0.9898288818625057	0.9101947389363622
