Epoch	Train Loss	Test Loss
1	0.1763607207800687	0.1706748377306823
2	0.15591539620755263	0.23303997778335095
3	0.150797678169185	0.19145470089519145
4	0.14605296919996172	0.2060359815322137
5	0.1441776808006344	0.19534888190377794
6	0.13838103122687267	0.21356495808458864
7	0.1317356378759867	0.24318864864101072
8	0.12561618205573824	0.23883371870136313
9	0.11889683510993182	0.24950564627718066
10	0.11247391775135457	0.28639065338893954
