Opt_Th	P	R	F1	P_5	R_5	F1_5
0.4271762	0.8169310344827586	0.9911999330581278	0.895667405988507	0.8170047375925671	0.9908791699207854	0.8955807094058034
