Opt_Th	P	R	F1	P_5	R_5	F1_5
0.40431243	0.8206243156174122	0.9895325028225883	0.8971978832306757	0.8207591359093038	0.9891689151692596	0.8971289478594023
