Opt_Th	P	R	F1	P_5	R_5	F1_5
0.14447103	0.5141459917556392	0.556561023267416	0.5345133921144568	0.7706550490119807	0.17159546015160543	0.28069161325422054
