Opt_Th	P	R	F1	P_5	R_5	F1_5
0.17601594	0.5550541516245487	0.4912854030501089	0.5212265968102319	0.8118192819685357	0.2923021060275962	0.4298376762067493
