Opt_Th	P	R	F1	P_5	R_5	F1_5
0.15353729	0.456830962619914	0.5865364196220004	0.5136215713621571	0.7687882056814096	0.3026828059743753	0.4343542079333638
