Opt_Th	P	R	F1	P_5	R_5	F1_5
0.15573132	0.41805813234384664	0.7363834422657952	0.5333333333333333	0.7783251231527094	0.39012345679012345	0.5197368421052632
