Epoch	Train Loss	Test Loss
1	0.036621388305710365	0.03694079212844372
2	0.020571837725583464	0.05082262641439835
3	0.016122212359083017	0.05529225956648588
4	0.013296819479104929	0.05999524379769961
5	0.01122130172942499	0.06767058377464612
6	0.009766562766994216	0.06465804080168407
7	0.008659352001684186	0.06514144896219175
8	0.007600231249983024	0.06872258054713408
9	0.006851666507178119	0.07780358503262202
10	0.006152932266039508	0.07385038716097672
