Opt_Th	P	R	F1	P_5	R_5	F1_5
0.10464558	0.43018707482993196	0.7162171727896935	0.5375195898743592	0.7035310987632192	0.2778367664755433	0.3983558307114584
