Epoch	Train Loss	Test Loss
1	0.05487112044855686	0.03125067912042141
2	0.023296636529266834	0.03897326461970806
3	0.01811148682775508	0.03525528448323409
4	0.0147605055036755	0.04499920773009459
5	0.012525204668885894	0.04337904786070188
6	0.010851248849316366	0.05581554384281238
7	0.009578139477525838	0.04735451757907867
8	0.008424264376766846	0.05240060819933812
9	0.007572913480024519	0.0740328336507082
10	0.006828687053972057	0.06035685256123543
