Opt_Th	P	R	F1	P_5	R_5	F1_5
0.27430397	0.6109908409658618	0.502258726899384	0.5513148009015778	0.791010592613799	0.3782340862422998	0.5117614373032043
