Opt_Th	P	R	F1	P_5	R_5	F1_5
0.20885418	0.4118874253456598	0.7127486373610816	0.5220750265729914	0.7778409090909091	0.387626530756707	0.5174091746586668
