Opt_Th	P	R	F1	P_5	R_5	F1_5
0.21534173	0.5968418871949114	0.5389822757445157	0.5664383786086442	0.8287242983948668	0.28010975457657183	0.41869882912228185
