Opt_Th	P	R	F1	P_5	R_5	F1_5
0.21547267	0.6095327102803738	0.4616691441919728	0.5253957385104926	0.7778409090909091	0.387626530756707	0.5174091746586668
