Opt_Th	P	R	F1	P_5	R_5	F1_5
0.26748678	0.8046988956032507	0.4281259960366403	0.5588993514422947	0.8057128689615576	0.4278280511633708	0.5588895526711201
