Opt_Th	P	R	F1	P_5	R_5	F1_5
0.113272294	0.43128406755428467	0.68330147943654	0.5288011175326631	0.7313475177304964	0.3649748708147519	0.48694338197100634
