Epoch	Train Loss	Test Loss
1	0.0933664779771458	0.03204640320369175
2	0.029421791039181477	0.03277263058615582
3	0.025334452137802586	0.03887697628566197
4	0.02156315760856325	0.03903999658567565
5	0.019140597545739376	0.04736195770757539
6	0.016738996220131714	0.047829494146364074
7	0.014364693708943598	0.05100982689431736
8	0.012188636302722223	0.05657024495303631
9	0.01092457218152104	0.05847425732229437
10	0.00956087184110374	0.06058205185191972
