Opt_Th	P	R	F1	P_5	R_5	F1_5
0.23350751	0.5766262642304888	0.5534568534249803	0.564804044618077	0.834265805922738	0.28206371862917645	0.42158898491588004
