Opt_Th	P	R	F1	P_5	R_5	F1_5
0.2109792	0.48148148148148145	0.5909949164851126	0.5306468440271256	0.7783251231527094	0.39012345679012345	0.5197368421052632
