Opt_Th	P	R	F1	P_5	R_5	F1_5
0.24761887	0.5082863390493728	0.6414669571532317	0.5671632207525362	0.6597383543220443	0.39186637618010167	0.4916852703995626
