Opt_Th	P	R	F1	P_5	R_5	F1_5
0.14546184	0.4489304434055815	0.6904139433551199	0.5440810369988841	0.6678082191780822	0.2549019607843137	0.368968779564806
