Epoch	Train Loss	Test Loss
1	0.08739919481532914	0.030877353889601573
2	0.029134534831557955	0.034200100627328665
3	0.02427221153463636	0.037242707663348744
4	0.02075137368270329	0.04162958064781768
5	0.01814345461981637	0.04925545943634851
6	0.015250423976353237	0.04412080693457808
7	0.012943541817367076	0.0485210922945823
8	0.011015206575393677	0.0504363900316613
9	0.009251358014132295	0.055905128962227275
10	0.008017217301364456	0.0557105972298554
