Epoch	Train Loss	Test Loss
1	0.04632388528469684	0.030529957314332327
2	0.02697359396344317	0.04182837231705586
3	0.024921659180628403	0.03782095342874527
4	0.0220323659762341	0.03986153576523065
5	0.018723756257843758	0.04232472023616234
6	0.01553888650960289	0.046744530585904914
7	0.012650598472516452	0.04378146649648746
8	0.010274393097331216	0.05482471259931723
9	0.008375923469429836	0.05826430942863226
10	0.0067925212206318974	0.06252305260548989
