Opt_Th	P	R	F1	P_5	R_5	F1_5
0.106704116	0.42849272807404143	0.7985626283367556	0.557722644485874	0.820685305865041	0.26721423682409307	0.4031600144575824
