Opt_Th	P	R	F1	P_5	R_5	F1_5
0.33495378	0.7579577165019156	0.4441595875888638	0.5601020559735075	0.8008829661120876	0.40725599700669335	0.5399451566526265
