Opt_Th	P	R	F1	P_5	R_5	F1_5
0.1798307	0.6072730428745009	0.4789185489390828	0.5355120159191795	0.8375716332378224	0.32012320328542093	0.46320689313657515
