Opt_Th	P	R	F1	P_5	R_5	F1_5
0.31755567	0.8066703570440078	0.39897330595482544	0.5338889906576296	0.8144271570014144	0.394113620807666	0.5311808118081182
