Opt_Th	P	R	F1	P_5	R_5	F1_5
0.2086345	0.6292299250045729	0.47091033538672145	0.5386783589101158	0.8127450980392157	0.3971937029431896	0.5336091954022989
