Opt_Th	P	R	F1	P_5	R_5	F1_5
0.5445499	0.965372738074954	0.9647458423131134	0.9650591883872587	0.9618266800241496	0.9680517368884081	0.9649291686183741
