Opt_Th	P	R	F1	P_5	R_5	F1_5
0.57566905	0.9683670301744561	0.9699804682951271	0.969173077739466	0.9642284754650504	0.973624959794146	0.9689039362581745
