Opt_Th	P	R	F1	P_5	R_5	F1_5
0.46047077	0.9351646190975644	0.9490199213318571	0.9420413279115858	0.9386716579051178	0.9451142098031157	0.9418819170831372
