Opt_Th	P	R	F1	P_5	R_5	F1_5
0.45877826	0.9675137487978287	0.9644042074678715	0.9659564756333905	0.9701838023941636	0.961357060085013	0.9657502630460735
