Opt_Th	P	R	F1	P_5	R_5	F1_5
0.4918988	0.9684221581202566	0.9666327491886362	0.9675266262917932	0.9689423027947909	0.966067147288512	0.9675025890006143
