Opt_Th	P	R	F1	P_5	R_5	F1_5
0.46767312	0.977302973330548	0.9762327269651598	0.9767675569801164	0.9789646210976521	0.9744965897702568	0.9767254957077334
