Opt_Th	P	R	F1	P_5	R_5	F1_5
0.5676115	0.9818280229554077	0.9795427908921301	0.9806840756391525	0.9775942799726608	0.9834475826888106	0.980512195884201
