Opt_Th	P	R	F1	P_5	R_5	F1_5
0.46803755	0.9844695249076953	0.9844874127952754	0.98447846877023	0.9854510365407032	0.983472683850901	0.9844608662823953
