Opt_Th	P	R	F1	P_5	R_5	F1_5
0.4736704	0.9818246826768369	0.9826030778324497	0.9822137260369544	0.9833543936912377	0.9809635293586038	0.9821575065078408
