Opt_Th	P	R	F1	P_5	R_5	F1_5
0.43595192	0.984774705432888	0.9823531275362399	0.9835624259765727	0.986566862551935	0.980281272799953	0.9834140240335754
