Opt_Th	P	R	F1	P_5	R_5	F1_5
0.5347133	0.9806431192128856	0.9792303458975133	0.9799362233569078	0.979133584838568	0.9806248201957272	0.9798786351556593
