Opt_Th	P	R	F1	P_5	R_5	F1_5
0.5098714	0.9858887067432046	0.9838280067853492	0.9848572788213709	0.9854847124904721	0.9842173868263756	0.984850641953538
