Opt_Th	P	R	F1	P_5	R_5	F1_5
0.38498065	0.5893248521002588	0.6521152443471918	0.6191321208763623	0.6805159339721552	0.5089350838803793	0.582350056857897
