Epoch	Train Loss	Test Loss
1	0.24918265733867884	0.2120644271373749
2	0.14252194110304117	0.2898677408695221
3	0.10679287370294333	0.3388517916202545
4	0.08732229890301824	0.27194452583789824
5	0.07382062030956149	0.279458624124527
6	0.06699925754219294	0.2742635667324066
7	0.05967676639556885	0.29799267649650574
8	0.05372234736569226	0.3121070623397827
9	0.05039285100065172	0.27276959717273713
10	0.04656184767372906	0.29906741678714754
