Opt_Th	P	R	F1	P_5	R_5	F1_5
0.2510532	0.47136888670434995	0.34956259112684857	0.4014291907730487	0.6065004915852178	0.2730420745677984	0.37655972279574146
