Epoch	Train Loss	Test Loss
1	0.24398728925734758	0.22495507697264353
2	0.13962331227958202	0.27574431399504346
3	0.11065879883244634	0.3541223257780075
4	0.0943715013563633	0.3200145090619723
5	0.07841983018442988	0.2880788619319598
6	0.0685374541208148	0.2928689420223236
7	0.05839861510321498	0.3158563996354739
8	0.05357542750425637	0.2820321222146352
9	0.050587908597663045	0.2975540931026141
10	0.04835399333387613	0.2975158443053563
