Opt_Th	P	R	F1	P_5	R_5	F1_5
0.10377749	0.13313477881026128	0.4364455321807957	0.20403120778003625	0.0	0.0	0.0
