Opt_Th	P	R	F1	P_5	R_5	F1_5
0.35301024	0.5274822695035462	0.6343494919207063	0.5760009680688539	0.6175866380850303	0.46073629851740794	0.5277539260022516
