Opt_Th	P	R	F1	P_5	R_5	F1_5
0.23618981	0.4352459313494509	0.3126431993334722	0.3638953285755413	0.6133984098244509	0.20287440116642366	0.30490501066306663
