Opt_Th	P	R	F1	P_5	R_5	F1_5
0.18346825	0.6652858958068615	0.6802390541769521	0.672679385880388	0.723992164140633	0.5473820969208782	0.6234204373945725
