Opt_Th	P	R	F1	P_5	R_5	F1_5
0.33627158	0.5667370846936816	0.6457330415754924	0.6036616549043674	0.6810817395541479	0.5097556528081693	0.5830943317515775
