Epoch	Train Loss	Test Loss
1	0.12841160801740792	0.10787262702765672
2	0.0852486864878581	0.09364682938093724
3	0.07460174956000769	0.09620750128574994
4	0.06884625336298576	0.1034285476350266
5	0.0649945253936144	0.1048711619299391
6	0.06186971332018192	0.1035680791930012
7	0.05978459520981862	0.11168676857715068
8	0.05824999711834467	0.10391383261784264
9	0.05571429184996165	0.10180682883314464
10	0.05717444780927438	0.10545741863872694
11	0.05172310104736915	0.10746566546352013
