Epoch	Train Loss	Test Loss
1	0.22357460788705133	0.2320107687264681
2	0.13896178996021097	0.3019894566386938
3	0.11391874876889316	0.2325495444238186
4	0.0961818972771818	0.29815737158060074
5	0.08124117993495682	0.2847896721214056
6	0.06953454491767017	0.2604334931820631
7	0.05856484259394082	0.24660060927271843
8	0.052251580425284126	0.25566522404551506
9	0.047583074562928894	0.2760454658418894
10	0.04425184344026176	0.287627749145031
