Opt_Th	P	R	F1	P_5	R_5	F1_5
0.26856038	0.6232776894541601	0.6269531900716309	0.6251100370388825	0.6810997695093842	0.5513243378310845	0.6093793154241314
