Opt_Th	P	R	F1	P_5	R_5	F1_5
0.20776476	0.42912556428690857	0.3341230993543012	0.37571179716891373	0.6555987003724543	0.2153978337846282	0.3242597056460305
