Opt_Th	P	R	F1	P_5	R_5	F1_5
0.18170328	0.7371944902735679	0.7007111597374179	0.7184899874726548	0.8045172742006019	0.5702771699489424	0.6674420838090767
