Opt_Th	P	R	F1	P_5	R_5	F1_5
0.20533693	0.6354486469378066	0.6688988838913876	0.651744846615809	0.72014303909082	0.48978843911377645	0.5830375379246069
