Opt_Th	P	R	F1	P_5	R_5	F1_5
0.40737328	0.5650311344164053	0.6271794205534624	0.5944854254153172	0.6380705944798302	0.49977913472781604	0.5605210625245888
