Opt_Th	P	R	F1	P_5	R_5	F1_5
0.41252553	0.5328019446564346	0.6280193236714976	0.5765054898002875	0.5819357667433959	0.5306346826586706	0.5551024675867838
