Opt_Th	P	R	F1	P_5	R_5	F1_5
0.20084411	0.6889639124132143	0.6586615609044493	0.6734720513107357	0.7944837042506064	0.549416484318016	0.6496054503902375
