Opt_Th	P	R	F1	P_5	R_5	F1_5
0.19090293	0.630229861881238	0.6497336624658958	0.6398331648776244	0.7084131055160207	0.5095751591529167	0.5927638737758433
