Opt_Th	P	R	F1	P_5	R_5	F1_5
0.30734918	0.5290165067842019	0.6362219046381707	0.5776875980606118	0.6638946638946639	0.4480706768870989	0.5350377759506043
