Opt_Th	P	R	F1	P_5	R_5	F1_5
0.2858746	0.8856172938161111	0.9814791004378156	0.9310872941984755	0.9014502434519708	0.9490234100811736	0.9246253059867954
