Opt_Th	P	R	F1	P_5	R_5	F1_5
0.2581748	0.900728525150822	0.9949204565691905	0.9454843635395273	0.9062218180643575	0.9805438647928403	0.9419190225028842
