Opt_Th	P	R	F1	P_5	R_5	F1_5
0.37264717	0.9098067840804624	0.991886324723969	0.949075224695793	0.9129713563109941	0.9873237082719543	0.9486929496992336
