Epoch	Train Loss	Test Loss
1	0.15824753933344987	0.16588731283584227
2	0.1459286589182505	0.17866640507381423
3	0.13518075189343698	0.20286803918853671
4	0.12406205558455734	0.22253832725189385
5	0.1127775276188927	0.255476429476823
6	0.10204035976095326	0.2897763698301295
7	0.09138047887410243	0.3097493777014584
8	0.08293005101917934	0.325405453111546
9	0.07334084950021287	0.3807839123164018
10	0.06572362584799585	0.38856725715099083
