Epoch	Train Loss	Test Loss
1	0.17214089919353479	0.1561831444004275
2	0.15897632222657843	0.1573865629315699
3	0.15726556007121822	0.15864615208244065
4	0.15641079376854833	0.15770454500341244
5	0.15598659009614604	0.16496900595482505
6	0.15578207518687096	0.1594117229757326
7	0.1554390016260129	0.1615802223057846
8	0.1546848224078099	0.1647291409241755
9	0.15377928421521006	0.16123962457483426
10	0.15398585671006168	0.1610676763169064
