Opt_Th	P	R	F1	P_5	R_5	F1_5
0.32323903	0.6586194333719086	0.7700354543290613	0.7099829622570678	0.7215012864973711	0.6463963117475351	0.6818869645087324
