Opt_Th	P	R	F1	P_5	R_5	F1_5
0.21360953	0.542219711945778	0.5696061707335163	0.5555756501609579	0.787435824301198	0.40951568641993624	0.5388143449621859
