Opt_Th	P	R	F1	P_5	R_5	F1_5
0.2780615	0.6309837657832663	0.49647906545117093	0.5557083066019003	0.8015355490113588	0.41601615808723186	0.5477414022352393
