Opt_Th	P	R	F1	P_5	R_5	F1_5
0.30172017	0.8488845988845989	0.48241604193332116	0.615211223815631	0.8488845988845989	0.48241604193332116	0.615211223815631
