Epoch	Train Loss	Test Loss
1	0.07172426544939695	0.029376611978347813
2	0.026568783082715843	0.02967232166390334
3	0.021794399246573448	0.03184556049693908
4	0.0177655979262098	0.037407198787799904
5	0.014719486864202696	0.03773817918928606
6	0.012502051201527533	0.04006611788645387
7	0.010673463182604832	0.04475344118795225
8	0.009161245644740437	0.046572254970669746
9	0.007882818043150979	0.04848154275012868
10	0.006949196316544776	0.054548426398209164
