Epoch	Train Loss	Test Loss
1	0.06044089277743032	0.03468021299314061
2	0.02715241178751938	0.04612569820238363
3	0.022253104943841223	0.04976437579191059
4	0.018341393017816166	0.04899374443456667
5	0.015353111698040886	0.0484546537451241
6	0.013025704012424857	0.05020263309188939
7	0.011095120847501137	0.052731292578605336
8	0.009659089805883548	0.05334632725822269
9	0.008423528271830745	0.052575461805687035
10	0.007395441459107493	0.06986898156481051
