Opt_Th	P	R	F1	P_5	R_5	F1_5
0.16386305	0.4208933163853498	0.6664794323054167	0.5159532256135787	0.7990129585269417	0.2591791645602801	0.39139870075706706
