Opt_Th	P	R	F1	P_5	R_5	F1_5
0.19669732	0.8259378781766842	0.49917718047174986	0.6222694981575049	0.8712596970816402	0.28749923813006645	0.4323358232894917
