Epoch	Train Loss	Test Loss
1	0.06311716531114332	0.028957832506612727
2	0.024358937195662796	0.02966756863813651
3	0.019052380984970207	0.03238181975719176
4	0.01551346127586118	0.04064385190998253
5	0.012946126500851122	0.043044823466947206
6	0.011044975643142545	0.041128464435276235
7	0.009656824637204409	0.04224559772563608
8	0.0082910666081669	0.04858795102489622
9	0.007310537645464827	0.04823924454027101
10	0.006521017571654299	0.056507779971549384
