Opt_Th	P	R	F1	P_5	R_5	F1_5
0.3072572	0.7816218930454432	0.42485943555870953	0.5504924584018531	0.8015355490113588	0.41601615808723186	0.5477414022352393
