Opt_Th	P	R	F1	P_5	R_5	F1_5
0.22634573	0.7677507702841493	0.41581992138248164	0.539462606143706	0.787435824301198	0.40951568641993624	0.5388143449621859
