Epoch	Train Loss	Test Loss
1	0.08585869383943431	0.024321029256833226
2	0.018875995431752765	0.030257278171024825
3	0.013623907066443387	0.03534188788188131
4	0.010588592411402394	0.033867439941356055
5	0.008797854294671732	0.03317138542862315
6	0.0074137094403233595	0.034899813858302015
7	0.006515656584216391	0.037872912068116035
8	0.0058150450589463994	0.04586160418234373
9	0.005291802753858706	0.04099858140474871
10	0.004803607705980539	0.04546414894100867
