Opt_Th	P	R	F1	P_5	R_5	F1_5
0.22385858	0.5340732744079347	0.5870726099532745	0.5593202374222725	0.7783877692842252	0.4153749165615961	0.5416868169068575
