Opt_Th	P	R	F1	P_5	R_5	F1_5
0.22983862	0.549696699141304	0.5713466892297614	0.5603126380171041	0.8015355490113588	0.41601615808723186	0.5477414022352393
