Opt_Th	P	R	F1	P_5	R_5	F1_5
0.1809442	0.7384237126075672	0.6589870177363321	0.6964475506457534	0.8513068731848984	0.5359907356616078	0.657815012903467
