Opt_Th	P	R	F1	P_5	R_5	F1_5
0.09648272	0.404703672094715	0.6614615514239173	0.5021659174499387	0.7769283882422569	0.14747514463854405	0.24789525862747255
