Opt_Th	P	R	F1	P_5	R_5	F1_5
0.2100807	0.7779938871908864	0.5119765953556409	0.6175562417291575	0.8488845988845989	0.48241604193332116	0.615211223815631
