Epoch	Train Loss	Test Loss
1	0.0508198385378198	0.038848387197070164
2	0.028870994313841776	0.03923500088308383
3	0.02612083622072109	0.04398366154402221
4	0.022670846028381555	0.04578917512858133
5	0.019238042965452506	0.05008177317405513
6	0.015966037569183206	0.052224299537205914
7	0.013145214247285689	0.05067216606656893
8	0.010661450076710296	0.06096509830393922
9	0.008567214164902609	0.06177581053808195
10	0.0068496474158511594	0.065671890700629
