Opt_Th	P	R	F1	P_5	R_5	F1_5
0.20387147	0.7030944963655245	0.46200665975216987	0.5576071022680481	0.8024724108658744	0.4128227523336427	0.545182568575857
