Opt_Th	P	R	F1	P_5	R_5	F1_5
0.20454185	0.582863202545069	0.5095676036490395	0.5437565540848024	0.7875196344423818	0.40903359786397686	0.5384164795470077
