Opt_Th	P	R	F1	P_5	R_5	F1_5
0.12195365	0.3937776581748595	0.49315658409631336	0.43789953199165405	0.7368196371398079	0.19389990451047576	0.30700818214158665
