Opt_Th	P	R	F1	P_5	R_5	F1_5
0.64970076	0.7985446119870391	0.41298283060907337	0.5444122891997457	0.7984535337476514	0.41375049149019827	0.5450576555466486
