Epoch	Train Loss	Test Loss
1	0.04090840617815653	0.04148713381397068
2	0.023851812575702316	0.050066096674001546
3	0.019496855301358713	0.05728056517626168
4	0.016254235394101924	0.05768522379253436
5	0.013734045596152702	0.05914650431945236
6	0.011789198186268252	0.06653971332680741
7	0.010255536227117456	0.0684796739198746
8	0.009065697477174499	0.06223561455828881
9	0.008007989210820703	0.06682185172487837
10	0.007153389714264049	0.06757738075535231
