Opt_Th	P	R	F1	P_5	R_5	F1_5
0.43388546	0.9355551776908689	0.8955559037314552	0.9151186633601611	0.9415477121942544	0.8880773806788581	0.9140312179656298
