Opt_Th	P	R	F1	P_5	R_5	F1_5
0.5013542	0.9857407596058515	0.9803597419832037	0.9830428871448486	0.9857076616752585	0.9803857629029159	0.9830395095269527
