Opt_Th	P	R	F1	P_5	R_5	F1_5
0.31074777	0.9160482664712187	0.9876876535136024	0.9505200309750684	0.9222656095344463	0.9784400844559862	0.949522741723609
