Opt_Th	P	R	F1	P_5	R_5	F1_5
0.4249031	0.950141515773342	0.9706991985212297	0.9603103484628547	0.9565295138382275	0.9628309353181426	0.9596698805303318
