Opt_Th	P	R	F1	P_5	R_5	F1_5
0.64743966	0.7999864008033621	0.9748866981348839	0.878818999846856	0.7999771974610798	0.9749333757894947	0.8788324115360862
