Opt_Th	P	R	F1	P_5	R_5	F1_5
0.53670627	0.9565689273389731	0.9489903294305109	0.9527645579674736	0.9536112147243362	0.951659375496557	0.9526342953373984
