Opt_Th	P	R	F1	P_5	R_5	F1_5
0.44559294	0.8976392264771565	0.9597597271433733	0.9276606702050658	0.9042165148373285	0.9512411547360202	0.9271329395544996
