Opt_Th	P	R	F1	P_5	R_5	F1_5
0.41131452	0.7397160578200153	0.9796600768211903	0.842945618971321	0.748698980643257	0.961677524507845	0.8419280551833187
