Opt_Th	P	R	F1	P_5	R_5	F1_5
0.3226124	0.6520702418515469	0.7058960138763727	0.6779163805416872	0.6524086592115621	0.7054504320810003	0.6778935656660409
