Opt_Th	P	R	F1	P_5	R_5	F1_5
0.4579117	0.9695618619214571	0.9761773021594774	0.972858335916025	0.972268019850087	0.9732410058206772	0.9727542695310113
