Opt_Th	P	R	F1	P_5	R_5	F1_5
0.5379433	0.9626665219921259	0.982343182077228	0.9724053227235134	0.9602667517441351	0.984541012109052	0.9722523914484046
