Opt_Th	P	R	F1	P_5	R_5	F1_5
0.41343015	0.9617469707498536	0.9810477867012105	0.9713015061443036	0.965905929837789	0.976243606699148	0.9710472555664651
