Opt_Th	P	R	F1	P_5	R_5	F1_5
0.46914262	0.985027747274296	0.9813632227685368	0.9831920704563432	0.986190701798187	0.9800537935595228	0.9831126706290987
