Opt_Th	P	R	F1	P_5	R_5	F1_5
0.4208478	0.8648074944495586	0.7985670267249071	0.8303683154222912	0.9108127374158524	0.74253928286888	0.8181128139331598
