Opt_Th	P	R	F1	P_5	R_5	F1_5
0.45421174	0.967838081839022	0.9609055058605201	0.9643593348038915	0.9705262614756723	0.9580454192385393	0.9642454551786586
