Opt_Th	P	R	F1	P_5	R_5	F1_5
0.5179529	0.9755593278871231	0.9668080453626714	0.9711639722941074	0.9746437193539325	0.96762587130131	0.971122116811846
