Opt_Th	P	R	F1	P_5	R_5	F1_5
0.51049846	0.96656709832386	0.9714890227242867	0.9690218106173911	0.9657916096801754	0.9722558275949141	0.9690129381704505
