Opt_Th	P	R	F1	P_5	R_5	F1_5
0.3491454	0.6970817767604569	0.893601566570094	0.7832022260777075	0.7014764473591425	0.8811801760453628	0.781126025992841
