Opt_Th	P	R	F1	P_5	R_5	F1_5
0.44947127	0.7990339661238917	0.979809099775966	0.8802358859489681	0.8041077890310713	0.9713708273238462	0.8798606089576486
