Opt_Th	P	R	F1	P_5	R_5	F1_5
0.52808857	0.9858223202689986	0.9852201900757517	0.9855211632005462	0.9850456944144683	0.9859218022640471	0.9854835536214438
