Opt_Th	P	R	F1	P_5	R_5	F1_5
0.37414968	0.40216930768578935	0.5795579435828551	0.47483741870935475	0.45618524528772936	0.44626938576138725	0.4511728395061728
