Epoch	Train Loss	Test Loss
1	0.21855153888463974	0.19546709023416042
2	0.14173091171930233	0.2358009833842516
3	0.12331471188614766	0.22379871271550655
4	0.1077555703620116	0.21968626230955124
5	0.09045304078608751	0.2208920270204544
6	0.08412038069218397	0.22550656460225582
7	0.07724656940748294	0.22306330129504204
8	0.07861416197071473	0.280079523101449
9	0.0762996356934309	0.22116893343627453
10	0.06888697249814868	0.21240884065628052
