Opt_Th	P	R	F1	P_5	R_5	F1_5
0.108705066	0.41676577416347915	0.5933824538922704	0.4896340772629433	0.6710058063307736	0.3279026131527161	0.44052998862553416
