Opt_Th	P	R	F1	P_5	R_5	F1_5
0.2276074	0.3975804431082	0.6782268897301258	0.5012974704966491	0.420969841614233	0.47386738307485654	0.4458551157580284
