Epoch	Train Loss	Test Loss
1	0.2356904412017149	0.18954913566509882
2	0.13387782784069285	0.2657472863793373
3	0.11102314424865387	0.26285042117039364
4	0.09830769326756983	0.23338128626346588
5	0.08517109515035853	0.23384574304024378
6	0.07931755570804372	0.22183016935984293
7	0.07472111153251984	0.23316866904497147
8	0.07092443634481992	0.23356729745864868
9	0.06700080830384703	0.26619922121365863
10	0.060310944695683086	0.26335203399260837
