Opt_Th	P	R	F1	P_5	R_5	F1_5
0.2818512	0.6778386136508612	0.6949046321525886	0.6862655400678112	0.7659379083813089	0.5908991825613079	0.6671281128389707
