Opt_Th	P	R	F1	P_5	R_5	F1_5
0.2148347	0.3233217527737308	0.5281222827330557	0.401091357767235	0.0	0.0	0.0
