Opt_Th	P	R	F1	P_5	R_5	F1_5
0.15682583	0.3680544562292227	0.5320122648849023	0.4350999326296878	0.5420746887966805	0.1494668436227175	0.23432343234323433
