Opt_Th	P	R	F1	P_5	R_5	F1_5
0.31896085	0.32157409393094577	0.5489908928653151	0.40557856478742293	0.0	0.0	0.0
