Opt_Th	P	R	F1	P_5	R_5	F1_5
0.26485097	0.40245645204897457	0.6362193185981194	0.4930327190139346	0.43400790607115464	0.4491390890218586	0.44144387433612386
