Opt_Th	P	R	F1	P_5	R_5	F1_5
0.1963233	0.4190599098444089	0.47001141645600586	0.44307568128531344	0.6608849557522124	0.30449319089945365	0.4169039245240887
