Epoch	Train Loss	Test Loss
1	0.17323575261980295	0.15420704171992838
2	0.11026678774505853	0.16942124720662832
3	0.09090333376079798	0.15971721662208438
4	0.07699154019355774	0.1741450154222548
5	0.07814477160573005	0.198699033819139
6	0.07110018618404865	0.1748507129959762
7	0.06700649186968803	0.17710154876112938
8	0.061770474258810285	0.18934420496225357
9	0.06359041286632419	0.20593519881367683
10	0.06763883726671338	0.21005606604740024
