Opt_Th	P	R	F1	P_5	R_5	F1_5
0.45968905	0.8380867203285965	0.6894005449591281	0.7565070489916131	0.8470017636684304	0.6804632152588556	0.7546536927354043
