Opt_Th	P	R	F1	P_5	R_5	F1_5
0.23016004	0.42287051536959164	0.654850136239782	0.5138934921364652	0.5725399208407261	0.11430517711171662	0.19056488064142457
