Opt_Th	P	R	F1	P_5	R_5	F1_5
0.45037606	0.397329498767461	0.5904872389791184	0.47502333120487256	0.41488968891350503	0.5488460129441934	0.47255809063189996
