Opt_Th	P	R	F1	P_5	R_5	F1_5
0.14015602	0.4379943767572634	0.4763720133735628	0.4563778051209938	0.6219294562250682	0.241559977167088	0.34796781393163395
