Opt_Th	P	R	F1	P_5	R_5	F1_5
0.14711763	0.2888289011296344	0.4842412134061812	0.3618374450647797	0.0	0.0	0.0
