Opt_Th	P	R	F1	P_5	R_5	F1_5
0.19277911	0.331050421352273	0.5375497688892957	0.4097537152026791	0.7368421052631579	0.0006407029426570867	0.00128029263831733
