Opt_Th	P	R	F1	P_5	R_5	F1_5
0.24970494	0.4046395483497394	0.5921042179680673	0.48074297814706923	0.6482903000697837	0.02459819419069558	0.04739795918367347
