Epoch	Train Loss	Test Loss
1	0.38271505429464225	0.43267838656902313
2	0.15403377264738083	0.18891519059737524
3	0.11611112557789859	0.19733885924021402
4	0.1006114991272197	0.20696439097325006
5	0.08914641159422257	0.2075439194838206
6	0.0792163627989152	0.19950284312168756
7	0.07219294195666033	0.20839606473843256
8	0.06553180975949063	0.20687474558750787
9	0.06012549974462565	0.21167402466138205
10	0.05860732101342257	0.214971957107385
11	0.05386846841258161	0.22917920599381128
