Opt_Th	P	R	F1	P_5	R_5	F1_5
0.3539533	0.42664372396305017	0.5752839174502381	0.4899381207425511	0.45263099712580146	0.5	0.47513780098636493
