Opt_Th	P	R	F1	P_5	R_5	F1_5
0.12947927	0.5112798264642082	0.49927185108692773	0.5052044958270259	0.6753084212408368	0.3000238303280642	0.41546584534154657
