Opt_Th	P	R	F1	P_5	R_5	F1_5
0.18059893	0.6722026405400562	0.5958641141737495	0.6317355603902027	0.8030836415489506	0.47718908041411817	0.5986579856497476
