Epoch	Train Loss	Test Loss
1	0.30336623977531085	0.3126566484570503
2	0.15630292892456055	0.19299431890249252
3	0.12404056232083928	0.22372891381382942
4	0.10157608105377718	0.2874039337038994
5	0.08954669061032208	0.28316375613212585
6	0.07188786972652782	0.36218609660863876
7	0.06567912176251411	0.2941010966897011
8	0.05984377623959021	0.3008984848856926
9	0.054986055601726876	0.3339877910912037
10	0.05201972750100223	0.4091205485165119
11	0.04784639416770502	0.3381446972489357
