Opt_Th	P	R	F1	P_5	R_5	F1_5
0.36608452	0.761318470464617	0.988082179597403	0.8600033544491608	0.7614857142857143	0.9876671311256707	0.8599527626127697
