Opt_Th	P	R	F1	P_5	R_5	F1_5
0.57090604	0.7660155536153018	0.9873200732792463	0.8627013800752352	0.766010152284264	0.9873331588589375	0.8627029499199633
