Opt_Th	P	R	F1	P_5	R_5	F1_5
0.5418901	0.7469965774952854	0.9910805300713558	0.851899792894695	0.7448596832453459	0.9936984524140487	0.8514709969428673
