Epoch	Train Loss	Test Loss
1	0.174957229041685	0.1726766937983132
2	0.15439984851937497	0.20283930447455112
3	0.15096529885033383	0.1893006054509726
4	0.1474902744689043	0.19567377478856582
5	0.14244652395082716	0.20081555138852808
6	0.14137269252745802	0.20677743325845674
7	0.13524486324731907	0.2441072750500679
8	0.1285559727073176	0.2301556394163033
9	0.12260101556662888	0.25260298684085075
10	0.11602674433278301	0.25843044124062986
