Opt_Th	P	R	F1	P_5	R_5	F1_5
0.49111933	0.761456357278358	0.9876967774450802	0.8599452790253471	0.7614857142857143	0.9876671311256707	0.8599527626127697
