Opt_Th	P	R	F1	P_5	R_5	F1_5
0.4717857	0.7556669983059506	0.9874038157478655	0.8561309977151561	0.7556840336134454	0.9873862478479323	0.8561353267782204
