Opt_Th	P	R	F1	P_5	R_5	F1_5
0.3701121	0.757597411619921	0.9988746401465585	0.8616645407443362	0.7613618017436229	0.9873593300183198	0.8597570702581983
