Opt_Th	P	R	F1	P_5	R_5	F1_5
0.5493159	0.7557010702952724	0.987368679947999	0.8561396560391183	0.7556840336134454	0.9873862478479323	0.8561353267782204
