Epoch	Train Loss	Test Loss
1	0.161654876045969	0.17756847146341354
2	0.14402996597948223	0.18109707383553653
3	0.13408340219710324	0.20121935071134148
4	0.1230899185805247	0.22255764187441981
5	0.11141298551932265	0.24435062817218672
6	0.09923778286771885	0.24538107056722394
7	0.08847900089955238	0.3081430903720585
8	0.07896965841068725	0.3431927821028136
9	0.07033213683652141	0.37608851518077757
10	0.06282746149478732	0.38681763053333656
