Opt_Th	P	R	F1	P_5	R_5	F1_5
0.32143494	0.9027334892957299	0.9886690635965064	0.9437490418678388	0.9094900744004185	0.9706802050427736	0.9390894235013776
