Opt_Th	P	R	F1	P_5	R_5	F1_5
0.47556716	0.8989576524331415	0.9851860105154475	0.9400986990949051	0.8997814239957073	0.9839060428091977	0.9399652499450775
