Opt_Th	P	R	F1	P_5	R_5	F1_5
0.40784213	0.7493129824438571	0.9917755537021592	0.8536616979909267	0.7511189427312776	0.9875359095542582	0.8532537982665093
