Opt_Th	P	R	F1	P_5	R_5	F1_5
0.13246988	0.41610232050582535	0.5630007599609163	0.47853168341499874	0.7044827586206897	0.13308001302790143	0.22386996621313124
