Opt_Th	P	R	F1	P_5	R_5	F1_5
0.24532415	0.4269777244812675	0.8705251303935514	0.572938761379539	0.8696890343698854	0.3936848032242769	0.5420143209775801
