Opt_Th	P	R	F1	P_5	R_5	F1_5
0.16561024	0.3881623693810672	0.5452393876886331	0.45348406728850443	0.7214328004736531	0.10582998588644013	0.1845827573800913
