Opt_Th	P	R	F1	P_5	R_5	F1_5
0.6492752	0.9677240615043635	0.5815850815850816	0.7265352815766211	0.9394383069346466	0.5875790875790876	0.7229705505761843
