Opt_Th	P	R	F1	P_5	R_5	F1_5
0.23356904	0.6359014470082127	0.5072391962565374	0.5643297537871055	0.9169522273735135	0.33390219286173045	0.489541156055368
