Opt_Th	P	R	F1	P_5	R_5	F1_5
0.26366207	0.910288582183187	0.6421301076854994	0.7530490442003287	0.9127388535031847	0.6341643310222747	0.7483680041779094
