Opt_Th	P	R	F1	P_5	R_5	F1_5
0.74757373	0.9292426341207742	0.45547297917240115	0.6113095091495703	0.9291585712150651	0.4563354436186806	0.6120675863596647
