Opt_Th	P	R	F1	P_5	R_5	F1_5
0.20644374	0.46053301253874984	0.4322440560199761	0.44594034565025037	0.703206300098439	0.21715340353924656	0.3318346964845629
