Opt_Th	P	R	F1	P_5	R_5	F1_5
0.72266555	0.9125531914893616	0.6326891871957516	0.7472776374248629	0.9127388535031847	0.6341643310222747	0.7483680041779094
