Epoch	Train Loss	Test Loss
1	0.06781612852912235	0.027608118213291438
2	0.027521927172884993	0.03357724546683284
3	0.0253370419225615	0.03802545185921327
4	0.023482303560266028	0.04708532082303515
5	0.02165314306140594	0.049834667968581305
6	0.019898885415624016	0.04773447483356269
7	0.017963436290459787	0.04983145465968915
8	0.016237975543607838	0.051953182924749715
9	0.014530293187936362	0.05372075511599487
10	0.013040769187247624	0.05865537157317378
