Opt_Th	P	R	F1	P_5	R_5	F1_5
0.79715174	0.9127203227861542	0.6340168166396224	0.7482590529247911	0.9127388535031847	0.6341643310222747	0.7483680041779094
