Opt_Th	P	R	F1	P_5	R_5	F1_5
0.74270624	0.9699986174478087	0.5840825840825841	0.7291244479085476	0.970060706401766	0.5853313353313353	0.7301142263759086
