Epoch	Train Loss	Test Loss
1	0.04943244523907962	0.033621465973556044
2	0.022573738290291082	0.04309236351400614
3	0.01835060525489481	0.05567902990927299
4	0.01508932527350752	0.05994570981711149
5	0.013009678699860448	0.05896046767011285
6	0.011183672221867662	0.06335286181420088
7	0.009650931659301644	0.061208540387451646
8	0.008526795092774065	0.07470828626925746
9	0.007558866781427672	0.07361632554481427
10	0.006594538164178008	0.08114885600904624
