Opt_Th	P	R	F1	P_5	R_5	F1_5
0.15483359	0.5414496758422787	0.6038999525841631	0.5709722611375735	0.8529021008054471	0.30439485538169747	0.44866446808045946
