Opt_Th	P	R	F1	P_5	R_5	F1_5
0.25050688	0.5738455157816456	0.5945501422475107	0.5840143802170132	0.8305880917520742	0.20173956851588432	0.3246304244158321
