Opt_Th	P	R	F1	P_5	R_5	F1_5
0.4180017	0.8988708885616102	0.6097236097236097	0.7265873015873017	0.9212456569296101	0.595987345987346	0.7237527169792247
