Epoch	Train Loss	Test Loss
1	0.07753732602455114	0.031681866757571696
2	0.028926677825419526	0.036544475114593904
3	0.02605982303227249	0.037682839886595806
4	0.024163906903643357	0.057534466652820505
5	0.021871407388856536	0.04528421883781751
6	0.020003235791074603	0.056180339710166054
7	0.01844075061380863	0.0568338713919123
8	0.016871723473856324	0.0583510574263831
9	0.015311051591446525	0.06601609786351521
10	0.014001901104654137	0.06249789496262868
