Epoch	Train Loss	Test Loss
1	0.053942483955437374	0.033608720471550314
2	0.02732006452747227	0.04228331807202527
3	0.02151496650785515	0.043934768065810204
4	0.01733853911846569	0.04877955413290432
5	0.014103124206213607	0.059899919267211645
6	0.011883486427136302	0.05623135898661401
7	0.010266982431801939	0.05517839587160519
8	0.008804001480571389	0.061661208647170236
9	0.007607050892925754	0.061933903921661634
10	0.007005679253104729	0.06727126899308392
