Opt_Th	P	R	F1	P_5	R_5	F1_5
0.17588305	0.42662831761750464	0.8681691559981034	0.572113483349038	0.8696890343698854	0.3936848032242769	0.5420143209775801
