Opt_Th	P	R	F1	P_5	R_5	F1_5
0.25695905	0.894113109638512	0.46795118818240206	0.6143634961935048	0.9291585712150651	0.4563354436186806	0.6120675863596647
