Epoch	Train Loss	Test Loss
1	0.048539870135162186	0.029557400541204325
2	0.020760807512409014	0.033476361477712414
3	0.016813524421709386	0.03475581963529002
4	0.013736349864579413	0.04216227912396755
5	0.011413060715826958	0.05641123687602439
6	0.009740806053109143	0.06608020760259538
7	0.008555290334777015	0.056215783370272165
8	0.007565907627830039	0.05582639420369886
9	0.006614750418204652	0.06266329363691357
10	0.005833867947449503	0.07007700724984114
