Opt_Th	P	R	F1	P_5	R_5	F1_5
0.25304633	0.6366134634832695	0.531369850444995	0.5792500575109271	0.8780143023449194	0.19376089549499953	0.31746365809293303
