Opt_Th	P	R	F1	P_5	R_5	F1_5
0.195229	0.3956566927410973	0.47115405493431767	0.4301175444508315	0.6636777892106424	0.09803495820214961	0.1708350675394453
