Opt_Th	P	R	F1	P_5	R_5	F1_5
0.12014071	0.9699268864670989	0.5853313353313353	0.7300763200249208	0.970060706401766	0.5853313353313353	0.7301142263759086
