Opt_Th	P	R	F1	P_5	R_5	F1_5
0.4300012	0.7339375594368288	0.9845597838727569	0.8409735490234577	0.7422437106805448	0.9658610123846885	0.8394148814805426
