Opt_Th	P	R	F1	P_5	R_5	F1_5
0.48956156	0.9591147928994083	0.9651491005169467	0.9621224852022614	0.9598511017490697	0.9643451258440013	0.9620928658253888
