Opt_Th	P	R	F1	P_5	R_5	F1_5
0.5523043	0.7771302602539658	0.9708245632983585	0.8632455889262994	0.7771186312017976	0.9708677658736535	0.8632554927841514
