Opt_Th	P	R	F1	P_5	R_5	F1_5
0.53970605	0.9860686517040749	0.9824956877000344	0.9842789272193176	0.9849827549743432	0.983558479762756	0.9842701021241029
