Opt_Th	P	R	F1	P_5	R_5	F1_5
0.4116095	0.9688306592233781	0.9748650735724157	0.9718384991507703	0.9735822515770481	0.9692965301003565	0.9714346639847296
