Opt_Th	P	R	F1	P_5	R_5	F1_5
0.49742353	0.9846946911362846	0.9847161385224408	0.9847054147125789	0.9847564841733968	0.9846492405131233	0.9847028594232922
