Opt_Th	P	R	F1	P_5	R_5	F1_5
0.562782	0.940450832537982	0.9297126730054258	0.9350509244324157	0.9340164121931033	0.9354696270685149	0.9347424548142151
