Opt_Th	P	R	F1	P_5	R_5	F1_5
0.5059416	0.898419747342359	0.9009029086781292	0.8996596145626311	0.8973568811446193	0.9018818408089728	0.8996136709981084
