Opt_Th	P	R	F1	P_5	R_5	F1_5
0.49828056	0.9806966695636489	0.978005602543221	0.9793492874208449	0.9807668140465379	0.9779213845117316	0.9793420324700216
