Opt_Th	P	R	F1	P_5	R_5	F1_5
0.43655747	0.9682420506335784	0.9720584128525078	0.9701464785561373	0.9715699705325606	0.9681962196401664	0.9698801611773332
