Opt_Th	P	R	F1	P_5	R_5	F1_5
0.22049029	0.30650614186683917	0.726246836695375	0.4310791071615121	0.9800773694390715	0.1583058225633442	0.27258300234011457
