Opt_Th	P	R	F1	P_5	R_5	F1_5
0.49087465	0.9852193538539178	0.9840736064794612	0.9846461468650751	0.9854083640117649	0.9838262394217523	0.9846166661606359
