Opt_Th	P	R	F1	P_5	R_5	F1_5
0.44182482	0.9827489574697332	0.9847923711377096	0.983769603197823	0.9845170841937118	0.9828406606100631	0.9836781581454084
