Opt_Th	P	R	F1	P_5	R_5	F1_5
0.39795333	0.9086528732282636	0.9352113556127177	0.9217408441047232	0.9255490113588557	0.9164595982212594	0.9209818788820688
