Opt_Th	P	R	F1	P_5	R_5	F1_5
0.5116003	0.9862162071386383	0.9843558874127567	0.9852851691577409	0.9857366693551588	0.9848166336335747	0.985276436715673
