Opt_Th	P	R	F1	P_5	R_5	F1_5
0.42169753	0.9759080861168092	0.9752828583245303	0.9755953720485689	0.9799721053146716	0.9706233025207649	0.975275300472768
