Opt_Th	P	R	F1	P_5	R_5	F1_5
0.58387923	0.9861499555127514	0.9820135146078335	0.9840773883320812	0.9840127588802421	0.9839247407724191	0.9839687478579787
