Opt_Th	P	R	F1	P_5	R_5	F1_5
0.4825655	0.9845268532233261	0.9812541291364953	0.9828877668878749	0.985444916077046	0.9803048365679599	0.9828681561341055
