Opt_Th	P	R	F1	P_5	R_5	F1_5
0.51252955	0.9609180366420965	0.9644553446063956	0.9626834412421377	0.9597931946111611	0.9655543759730458	0.9626651657547296
