Opt_Th	P	R	F1	P_5	R_5	F1_5
0.42130944	0.7246703717080862	0.9875984657262792	0.8359474068669803	0.736413321406365	0.9603432479624084	0.8336016770929837
