Opt_Th	P	R	F1	P_5	R_5	F1_5
0.42687526	0.9831871275504112	0.9803396670767399	0.9817613326534009	0.98538785334108	0.9775583695769572	0.9814574969670633
