Opt_Th	P	R	F1	P_5	R_5	F1_5
0.5157804	0.7466639668675816	0.9753817611543921	0.8458340021322981	0.7466506691151182	0.9754222348685545	0.8458406872898284
