Opt_Th	P	R	F1	P_5	R_5	F1_5
0.43656614	0.9794549222088526	0.9799503170384107	0.9797025569984963	0.9820440701801947	0.9771748150060457	0.9796033918026419
