Opt_Th	P	R	F1	P_5	R_5	F1_5
0.457166	0.983331948514123	0.9845960723326596	0.9839636044103126	0.9851411851763505	0.9826709135448759	0.9839044988462279
