Opt_Th	P	R	F1	P_5	R_5	F1_5
0.5982999	0.9281662756182549	0.9137560792726742	0.9209048086853573	0.9155722055676284	0.9249221540672548	0.9202234303458694
