Opt_Th	P	R	F1	P_5	R_5	F1_5
0.1636664	0.6239020495075859	0.661348654679765	0.6420798366411834	0.7079434754148858	0.47159309513427555	0.5660888574155608
