Opt_Th	P	R	F1	P_5	R_5	F1_5
0.37115106	0.520556862086343	0.6358786262087363	0.5724677004075696	0.6448826058201058	0.40015902736809705	0.4938666329001726
