Opt_Th	P	R	F1	P_5	R_5	F1_5
0.22429726	0.7403806248888362	0.6926426134945506	0.7157164758643416	0.7971307637562273	0.5901716631076847	0.6782140353113647
