Opt_Th	P	R	F1	P_5	R_5	F1_5
0.23129135	0.41216151103401755	0.2856761179574525	0.3374558652385743	0.6328897987035141	0.18585312092976655	0.28732961586121436
