Opt_Th	P	R	F1	P_5	R_5	F1_5
0.2961429	0.7725635769294698	0.74682662953243	0.7594771241830065	0.8222222222222222	0.6747630014460929	0.7412299410181359
