Epoch	Train Loss	Test Loss
1	0.28044305369257927	0.2814282104372978
2	0.141343271980683	0.20686669275164604
3	0.10452333341042201	0.25849799066782
4	0.08837642210225265	0.33598532527685165
5	0.08285549965997537	0.38884832710027695
6	0.07502167113125324	0.3251882791519165
7	0.07485630425314109	0.31099843606352806
8	0.06839278650780518	0.2950254939496517
9	0.0599992194523414	0.29473552852869034
10	0.053972918850680195	0.34317758679389954
11	0.047864180679122605	0.33256062492728233
