Opt_Th	P	R	F1	P_5	R_5	F1_5
0.30161512	0.6847715218278254	0.6915074419323274	0.6881229980781551	0.744800604022239	0.5588401915846938	0.638557052904137
