Opt_Th	P	R	F1	P_5	R_5	F1_5
0.32787278	0.8024983909660055	0.7345883991216324	0.7670432302443935	0.8372467771639043	0.6817792298216485	0.7515571955719557
