Opt_Th	P	R	F1	P_5	R_5	F1_5
0.18793009	0.6443709092678654	0.6792777079539334	0.6613640336638115	0.7035444592983343	0.4994485341267602	0.5841833673346933
