Epoch	Train Loss	Test Loss
1	0.25061605672041576	0.21945031583309174
2	0.14378890593846638	0.26772990822792053
3	0.11447386294603348	0.40381464958190916
4	0.09448294341564178	0.3213756561279297
5	0.08533212790886562	0.3603074371814728
6	0.07198250442743301	0.25871525406837464
7	0.0638216108083725	0.2761285603046417
8	0.05704607541362445	0.30662584602832793
9	0.0526081345975399	0.2759500503540039
10	0.04928430865208308	0.2716362029314041
