Opt_Th	P	R	F1	P_5	R_5	F1_5
0.15986155	0.5532928021767782	0.67023742081681	0.6061763472914434	0.7199007444168735	0.3735386516969666	0.491862199918622
