Opt_Th	P	R	F1	P_5	R_5	F1_5
0.42412576	0.6075295861904636	0.6363737208463907	0.6216172287687933	0.6459467918622849	0.5723397764774397	0.6069196723963005
