Opt_Th	P	R	F1	P_5	R_5	F1_5
0.23753251	0.7505406704313349	0.6929476690978674	0.7205952329454514	0.8070638045012256	0.6026512105160986	0.690037310470747
