Opt_Th	P	R	F1	P_5	R_5	F1_5
0.16727085	0.36798732171156895	0.27141568981064024	0.3124087030060737	0.6215725140403039	0.125672110342985	0.20907297830374755
