Opt_Th	P	R	F1	P_5	R_5	F1_5
0.384417	0.639635861252282	0.6943120347062289	0.6658534079819199	0.7236429215509468	0.5372770606823416	0.6166874145111961
