Opt_Th	P	R	F1	P_5	R_5	F1_5
0.19485138	0.6649700598802395	0.6863058144924551	0.6754694984413413	0.7398467986703281	0.5272699181129937	0.6157269583521275
