Opt_Th	P	R	F1	P_5	R_5	F1_5
0.21086006	0.3349409765284094	0.24352937247436796	0.282012607804463	0.503680981595092	0.10967504926026116	0.18012780078435672
