Epoch	Train Loss	Test Loss
1	0.2524987071752548	0.23664568662643432
2	0.14057076672712962	0.2667469620704651
3	0.10968498190244039	0.35921055674552915
4	0.09347637792428334	0.3911964654922485
5	0.08132821718851725	0.283391547203064
6	0.07095943043629328	0.2679717928171158
7	0.06275277559955915	0.2682127505540848
8	0.05583274165789286	0.2764306843280792
9	0.05219831441839536	0.2655211389064789
10	0.049609441806872684	0.2753936916589737
