Epoch	Train Loss	Test Loss
1	0.24675909336656332	0.22917788475751877
2	0.14478385401889682	0.2651033376653989
3	0.11642388859763741	0.38517847657203674
4	0.10042047081515193	0.33924566706021625
5	0.08241619821637869	0.31655297180016834
6	0.06996103515848517	0.32897574702898663
7	0.06290868972428143	0.28189998865127563
8	0.05566769279539585	0.2903693616390228
9	0.05115740862675011	0.2946803073088328
10	0.04784024343825877	0.2989518865942955
