Epoch	Train Loss	Test Loss
1	0.17259630068069118	0.1556159556752309
2	0.15901269896049144	0.15842752849080957
3	0.1569252757244068	0.16298153440475016
4	0.15625875430059152	0.16276983848135723
5	0.15591705195656935	0.16562324143329957
6	0.15552621518313825	0.16843753747109855
7	0.15526984868181817	0.18152885602549054
8	0.15448640408295997	0.16298813009424543
9	0.15401581037237552	0.18961997873226838
10	0.15331191891279725	0.19876158408316455
