Opt_Th	P	R	F1	P_5	R_5	F1_5
0.30900234	0.6146181651950866	0.8482848062812544	0.7127899271040424	0.6686886256550266	0.7096906108332944	0.6885797850632567
