Opt_Th	P	R	F1	P_5	R_5	F1_5
0.43621105	0.8805297499994954	0.9919017110534142	0.9329035362039932	0.8815950547223348	0.9889347635308722	0.9321850830327695
