Opt_Th	P	R	F1	P_5	R_5	F1_5
0.24714874	0.515301559425663	0.7405126886946768	0.6077130337229483	0.6126498422712934	0.45382530261251575	0.5214111203586866
