Epoch	Train Loss	Test Loss
1	0.1747542878246715	0.14822766103316098
2	0.15166596374195865	0.14814602839760482
3	0.14995602486479995	0.15324272616999224
4	0.1478560420437756	0.15129714808426797
5	0.14677031873128352	0.1539914447348565
6	0.14476765864170515	0.1582779042655602
7	0.14009298288669342	0.153785677626729
8	0.13663252322082844	0.15464485774282366
9	0.13476005655068618	0.1621016776189208
10	0.13283303259020177	0.15821375884115696
11	0.1330023942849575	0.1580080648418516
