Opt_Th	P	R	F1	P_5	R_5	F1_5
0.48171344	0.9107058315283646	0.9910223247826554	0.9491680578627938	0.9107472696684243	0.9909525598368574	0.9491585625026183
