Opt_Th	P	R	F1	P_5	R_5	F1_5
0.4970673	0.9065401030959521	0.9892241308689129	0.9460789791432769	0.9066390364079799	0.9890739109586582	0.9460641378363688
