Opt_Th	P	R	F1	P_5	R_5	F1_5
0.4276032	0.8954613452083814	0.9869053436342156	0.93896220310551	0.8990129558237357	0.9817691478492251	0.9385703764628726
