Opt_Th	P	R	F1	P_5	R_5	F1_5
0.49861926	0.9107480555113119	0.9911538048728131	0.9492512934586826	0.9107519744680179	0.9911468283782333	0.949250222548421
