Opt_Th	P	R	F1	P_5	R_5	F1_5
0.47533303	0.8922290534379919	0.9849715383676749	0.9363093397449037	0.8928548827961533	0.9837957352817963	0.9361218518341154
