Opt_Th	P	R	F1	P_5	R_5	F1_5
0.30385152	0.9020009914112698	0.9933005004096351	0.9454517289257368	0.906191549677818	0.9736549744218156	0.9387127074593645
