Opt_Th	P	R	F1	P_5	R_5	F1_5
0.42528954	0.8805011145966773	0.9923018511024313	0.933064398032796	0.8805568726355611	0.9922245513202348	0.9330615272948065
