Epoch	Train Loss	Test Loss
1	0.1604653752762623	0.1812390281041538
2	0.15362686111835783	0.17993559824876992
3	0.1505808450347425	0.20232429521690523
4	0.1476369599525664	0.19285854162942423
5	0.14415415870692944	0.21578859933827044
6	0.13872698909430323	0.23538923093565928
7	0.13166881525949362	0.2527864628201841
8	0.12299225059675165	0.29072656746974734
9	0.11351659904957051	0.2886129346417081
10	0.10401362772954224	0.30745628736720637
11	0.09577878821966576	0.34675198109624417
