Opt_Th	P	R	F1	P_5	R_5	F1_5
0.24502055	0.5416138357762337	0.5280621075013598	0.5347521281922883	0.7067901234567902	0.3623596894624932	0.47909515870680913
