Opt_Th	P	R	F1	P_5	R_5	F1_5
0.29278198	0.5882511090200295	0.5005003860120665	0.5408395000695206	0.7931666035114311	0.3591055957452892	0.4943806955734446
