Opt_Th	P	R	F1	P_5	R_5	F1_5
0.18019402	0.5841588279364023	0.537760067435534	0.56	0.7877568931470782	0.4126978045135829	0.5416373327969426
