Epoch	Train Loss	Test Loss
1	0.06738516755211048	0.041307042711056195
2	0.028390865104320723	0.04603158733756332
3	0.023698497420320146	0.0539085746712082
4	0.019918971838286288	0.05771648539946629
5	0.0168384601159069	0.057176784827159
6	0.014326379968760869	0.0648797664709471
7	0.012305514510864249	0.062877669439211
8	0.010786026919212861	0.06767238046114261
9	0.009231890548760883	0.06897533582625809
10	0.008119821918602938	0.0712621127060809
