Opt_Th	P	R	F1	P_5	R_5	F1_5
0.24417374	0.6273467432950192	0.5018966243917391	0.5576534196130186	0.7878721541155866	0.41369401126479943	0.542521920458257
