Opt_Th	P	R	F1	P_5	R_5	F1_5
0.25025958	0.49001300082732535	0.6354266446990307	0.5533256593764075	0.7878721541155866	0.41369401126479943	0.542521920458257
