Opt_Th	P	R	F1	P_5	R_5	F1_5
0.05837297	0.30437485322761115	0.7411950708094592	0.43153716591155383	0.8152779045359131	0.2003296592399897	0.3216288468635517
