Epoch	Train Loss	Test Loss
1	0.0863310359966229	0.025303411738652932
2	0.018785489723086357	0.026188105834942115
3	0.013540886315133642	0.02765362562709733
4	0.010574139736811905	0.03367590659150952
5	0.008897555978311336	0.032362266002516994
6	0.007948675165500711	0.04160000903433875
7	0.0068381641416207836	0.042542468658403346
8	0.005989151595927337	0.03861344723325027
9	0.005534870947218116	0.045136669944775734
10	0.004716513418209027	0.041379763401652635
