Epoch	Train Loss	Test Loss
1	0.07307858545747069	0.02876260807668721
2	0.02619515491856469	0.029700157336062856
3	0.021919722772306867	0.03208499615667043
4	0.01818575867348247	0.03945995356749605
5	0.015262457480033239	0.03755870806398215
6	0.013043691197203265	0.042609133240249425
7	0.011013197712600231	0.04595115077164438
8	0.00962810166594055	0.050224448243776955
9	0.00826896299711532	0.05609801963523582
10	0.00725754066887829	0.05789337817717482
