Opt_Th	P	R	F1	P_5	R_5	F1_5
0.28372464	0.7889247311827957	0.41958081948932036	0.5478132641442518	0.8003186112942211	0.41657850341692165	0.547943659852944
