Opt_Th	P	R	F1	P_5	R_5	F1_5
0.13911495	0.751356005165734	0.5337288239251422	0.6241149967818064	0.8496345657781599	0.4834566693168614	0.6162541414928864
