Epoch	Train Loss	Test Loss
1	0.08436263185974799	0.03226296399675664
2	0.028240775150295935	0.03366557402270181
3	0.021630746802609218	0.036519644870644526
4	0.017113519072728723	0.041422241855235326
5	0.014028061426391727	0.043408531872999104
6	0.011510003382634176	0.04557561590558007
7	0.009827600939101294	0.05255192731107984
8	0.008410208074277952	0.0488871004255045
9	0.0071208837417591556	0.055155243015005476
10	0.006242416676526007	0.05377815468680291
