Opt_Th	P	R	F1	P_5	R_5	F1_5
0.29811758	0.7828357421668952	0.42435593171875446	0.5503699171163153	0.8003186112942211	0.41657850341692165	0.547943659852944
