Opt_Th	P	R	F1	P_5	R_5	F1_5
0.13265942	0.4532770193830606	0.6065057241851025	0.5188140844259859	0.6845966470841095	0.26786495184059744	0.3850642337884234
