Epoch	Train Loss	Test Loss
1	0.04306305998649735	0.0318812194106343
2	0.024596753721244823	0.04077122399358304
3	0.02013645096658132	0.038253986778167576
4	0.01687117722721245	0.048248053866100836
5	0.014260190097280802	0.05605020676995372
6	0.012212828267365694	0.044395325377911
7	0.010583120153452724	0.05290972359560348
8	0.009407110446586441	0.05995829186432964
9	0.008205967209039208	0.060549634048244455
10	0.007396411944706089	0.05931246053468395
