Opt_Th	P	R	F1	P_5	R_5	F1_5
0.23468262	0.6090064331665476	0.5223188627916778	0.5623414392673721	0.7832459228392844	0.41771715391394304	0.5448548153331
