Opt_Th	P	R	F1	P_5	R_5	F1_5
0.210352	0.46265393025664636	0.5963506898086337	0.5210628645495787	0.7067901234567902	0.3623596894624932	0.47909515870680913
