Opt_Th	P	R	F1	P_5	R_5	F1_5
0.20429021	0.5207077581178301	0.5296939128714829	0.5251623973526168	0.7067901234567902	0.3623596894624932	0.47909515870680913
