Opt_Th	P	R	F1	P_5	R_5	F1_5
0.30793244	0.8496345657781599	0.4834566693168614	0.6162541414928864	0.8496345657781599	0.4834566693168614	0.6162541414928864
