Opt_Th	P	R	F1	P_5	R_5	F1_5
0.23648651	0.6259508484493856	0.4797999618761423	0.5432167725636811	0.814198332792032	0.33731765022481863	0.4770119954650324
