Opt_Th	P	R	F1	P_5	R_5	F1_5
0.21293439	0.6840871806890086	0.7140847654577702	0.6987641760675065	0.8056623230524046	0.5255947648461867	0.6361684802724109
