Opt_Th	P	R	F1	P_5	R_5	F1_5
0.23505555	0.816793893129771	0.5038835545226592	0.6232695362735458	0.8603820086260012	0.42700752247568957	0.5707512466279735
