Opt_Th	P	R	F1	P_5	R_5	F1_5
0.6382476	0.8193940710174829	0.4230514784207753	0.5580057384565328	0.8192517773539102	0.4238139555744929	0.558635520510793
