Opt_Th	P	R	F1	P_5	R_5	F1_5
0.22335024	0.46717261551839995	0.5844335657419769	0.519265410131365	0.7067901234567902	0.3623596894624932	0.47909515870680913
