Opt_Th	P	R	F1	P_5	R_5	F1_5
0.20787843	0.5234103404916295	0.6070111228662111	0.5621193666260657	0.8004063254996705	0.416807251308152	0.5481620757732444
