Opt_Th	P	R	F1	P_5	R_5	F1_5
0.49667963	0.9850596027274963	0.9816779066642953	0.9833658473764876	0.9851890676556276	0.9815428722378986	0.9833625900400369
