Opt_Th	P	R	F1	P_5	R_5	F1_5
0.36616784	0.8652399132798881	0.9467808920847738	0.9041757297015423	0.8898929210521253	0.9100376447033619	0.8998525535595394
