Opt_Th	P	R	F1	P_5	R_5	F1_5
0.38913354	0.9230593673124231	0.9450628375079477	0.9339315196935419	0.9323794166375788	0.9329515980859125	0.932665419604772
