Opt_Th	P	R	F1	P_5	R_5	F1_5
0.47014788	0.9774010741187845	0.977360779960664	0.9773809266244258	0.9789324648872516	0.9757394582859463	0.9773333536576072
