Opt_Th	P	R	F1	P_5	R_5	F1_5
0.49332982	0.9431924575165301	0.9564472549866011	0.9497736133627651	0.9437724425101367	0.9558016009759829	0.9497489340849629
