Opt_Th	P	R	F1	P_5	R_5	F1_5
0.40409896	0.6903292403616443	0.9811825675876767	0.8104507707545013	0.7067934714058677	0.9303394664315257	0.8033041738609648
