Opt_Th	P	R	F1	P_5	R_5	F1_5
0.53092664	0.9187690880815425	0.9488948689263145	0.9335890111681554	0.9152718108947535	0.9523321138088471	0.9334342542864238
