Opt_Th	P	R	F1	P_5	R_5	F1_5
0.62063813	0.9246630548885698	0.9268382063919209	0.9257493529516578	0.9043375784686981	0.9457370060169927	0.9245740912952461
