Opt_Th	P	R	F1	P_5	R_5	F1_5
0.44951943	0.7079003599621753	0.9832685271974118	0.823165740130888	0.7263911208849042	0.9348181295921144	0.8175292652421208
