Opt_Th	P	R	F1	P_5	R_5	F1_5
0.45185038	0.9399350998730215	0.9507767665467299	0.9453248492202019	0.9437910861829805	0.946330843890787	0.945059258700083
