Opt_Th	P	R	F1	P_5	R_5	F1_5
0.49600118	0.9834294935501409	0.9844675203022955	0.9839482331569278	0.9836091063370306	0.9842669561332319	0.9839379212774051
