Opt_Th	P	R	F1	P_5	R_5	F1_5
0.4653752	0.6902921278583793	0.9696517792631186	0.8064645884931216	0.6995415971533018	0.9380344166296997	0.8014212329332022
