Opt_Th	P	R	F1	P_5	R_5	F1_5
0.19348966	0.3887152659827434	0.49830168960111476	0.4367390557612305	0.5885129428131366	0.2579036753178889	0.3586405268336991
