Opt_Th	P	R	F1	P_5	R_5	F1_5
0.2417619	0.364464188201957	0.5376894269291064	0.4344460570875665	0.49724972497249725	0.05904894617662428	0.10556225915690319
