Opt_Th	P	R	F1	P_5	R_5	F1_5
0.14969149	0.4251592356687898	0.6125564363133668	0.5019371554243365	0.508479764893161	0.3664132241128285	0.4259119969913501
