Epoch	Train Loss	Test Loss
1	0.2149952839721333	0.1618878076735296
2	0.10934005799618635	0.15373564825246208
3	0.0952312633395195	0.161904161305804
4	0.08819187581539153	0.15960887741101415
5	0.08171237016266042	0.169484533761677
6	0.07634339806708422	0.17273864934318944
7	0.06905328834598715	0.17283144318743757
8	0.06551369259303266	0.20272905654028842
9	0.06159715801477432	0.21303682264528775
10	0.056518104536966846	0.21303650344672956
11	0.054986443302848124	0.2414473295211792
