Epoch	Train Loss	Test Loss
1	0.19641667371615767	0.18354975494245687
2	0.1312181029934436	0.170425687606136
3	0.11347534344531596	0.18194586100677648
4	0.0935526171233505	0.1957549254099528
5	0.08476592600345612	0.19784373914202055
6	0.07779706083238125	0.23655847211678824
7	0.07202091661747545	0.21692590663830438
8	0.06633046932984143	0.22272521381576857
9	0.06055595900397748	0.24404110635320345
10	0.057088317116722465	0.23769150053461394
11	0.05456896289251745	0.23763571555415788
