Opt_Th	P	R	F1	P_5	R_5	F1_5
0.2661706	0.46368310044819405	0.588419798005144	0.5186570946724296	0.5233665504884395	0.4458733245509483	0.48152204595494835
