Opt_Th	P	R	F1	P_5	R_5	F1_5
0.20510526	0.40616760671494845	0.5089601237898083	0.4517907358768991	0.5568777292576419	0.3199924722413901	0.40643799051830604
