Opt_Th	P	R	F1	P_5	R_5	F1_5
0.130113	0.49122977977002535	0.6324571858729063	0.5529686000274237	0.6862289366647298	0.29634276394203624	0.41393209200438114
