Epoch	Train Loss	Test Loss
1	0.1944096158258617	0.1822638108084599
2	0.13012184295803308	0.17748194995025793
3	0.10973795340396464	0.1947460751980543
4	0.09014590713195503	0.18912671009699503
5	0.07894902629777789	0.2042246349155903
6	0.0699303139699623	0.23993517955144247
7	0.06490913568995893	0.20696346027155718
8	0.061870487639680505	0.23163674647609392
9	0.05821992573328316	0.24070753157138824
10	0.05500140436924994	0.25049590940276784
11	0.05336417583748698	0.24156635627150536
