Opt_Th	P	R	F1	P_5	R_5	F1_5
0.22320506	0.32228159069133094	0.5490830477815197	0.40616603026446046	0.0	0.0	0.0
