Opt_Th	P	R	F1	P_5	R_5	F1_5
0.14245288	0.3573604474646725	0.515846287336206	0.42222088474270236	0.6122589871295429	0.1825962910128388	0.28129956046943677
