Opt_Th	P	R	F1	P_5	R_5	F1_5
0.21211329	0.34957804866011943	0.5924764234782427	0.43971290009699326	0.5325897525270129	0.03195115321079815	0.06028564665035904
