Opt_Th	P	R	F1	P_5	R_5	F1_5
0.15741746	0.4065678871634136	0.6213421006793242	0.49151724969427646	0.660564622849581	0.32605382337571853	0.4366016501938832
