Opt_Th	P	R	F1	P_5	R_5	F1_5
0.27753505	0.4923823353155396	0.6283365442593055	0.5521131492740795	0.5523504664349734	0.4440931217553716	0.49234105342105045
