Opt_Th	P	R	F1	P_5	R_5	F1_5
0.17048988	0.4701586542294507	0.6165652510298392	0.5334997919267582	0.673733157586409	0.3847730171674717	0.4898116723231517
