Opt_Th	P	R	F1	P_5	R_5	F1_5
0.14953761	0.40763654543182104	0.5755842169507478	0.47726649147302896	0.4985068104013402	0.30195449799255847	0.3760990621336459
