Opt_Th	P	R	F1	P_5	R_5	F1_5
0.20377092	0.4232478809179243	0.5349024560181153	0.4725695379525256	0.5414568861130584	0.3699703884340707	0.43958090803259603
