Opt_Th	P	R	F1	P_5	R_5	F1_5
0.21969876	0.3390317838231659	0.5673880856993555	0.4244447882988167	0.5217699115044248	0.03209371189688208	0.06046807375956353
