Epoch	Train Loss	Test Loss
1	0.1633328074758703	0.1619505086227467
2	0.10833426456559789	0.16994841436022207
3	0.09325865263288671	0.1674485657560198
4	0.08482104553417726	0.18226766311808637
5	0.07710297446359288	0.1937304401868268
6	0.07212371839718386	0.19149716669007352
7	0.06638375290415503	0.20525061927343669
8	0.06186669218269261	0.23315703672798058
9	0.05950128124518828	0.2178858581342195
10	0.05480823950334029	0.20457726697388448
