Epoch	Train Loss	Test Loss
1	0.16354195374483707	0.17663310004846894
2	0.14546600110537258	0.17778906173133938
3	0.1361564212719569	0.19976418923831335
4	0.12539771755589765	0.19843738459621685
5	0.11307513690964588	0.24803138558283774
6	0.10053946353432222	0.2544626912700325
7	0.08858961983657487	0.2809413315660327
8	0.0786228001872485	0.32285776536106164
9	0.0693683516940335	0.34231133275413816
10	0.061057529551586734	0.3875854051104291
