Opt_Th	P	R	F1	P_5	R_5	F1_5
0.45255235	0.8204819808884868	0.991254849159479	0.8978199578601658	0.8205561258844698	0.9909615666617786	0.8977440158450278
