Epoch	Train Loss	Test Loss
1	0.17705868598551175	0.17841012145589738
2	0.15561751960129896	0.20535490214280838
3	0.15000343454268375	0.20791871495490527
4	0.14637522224454083	0.20778575673644994
5	0.14239355855416264	0.20183094165349094
6	0.1378144017054041	0.2242408193239983
7	0.1337057807277645	0.2441447668892406
8	0.126846239096553	0.24227637745929462
9	0.11941972551602907	0.2925476685519854
10	0.11360362473466445	0.2765022486421096
