Opt_Th	P	R	F1	P_5	R_5	F1_5
0.54678226	0.9002260165198749	0.9865064969181858	0.9413934489032054	0.8979132074797967	0.9886395519440716	0.9410948161328792
