Opt_Th	P	R	F1	P_5	R_5	F1_5
0.5519325	0.8267983074753174	0.991123510017753	0.9015340843554155	0.8265374449339207	0.9913348550173303	0.9014663771068361
