Opt_Th	P	R	F1	P_5	R_5	F1_5
0.16313553	0.5144592105918073	0.5985291562916208	0.5533190578158459	0.7323651452282157	0.28617754357519254	0.4115418245409502
