Opt_Th	P	R	F1	P_5	R_5	F1_5
0.24183868	0.728385467262483	0.43418843013492386	0.5440626927402678	0.8047794554749732	0.3919740575597892	0.5271806853582555
