Opt_Th	P	R	F1	P_5	R_5	F1_5
0.15482791	0.5056089340510086	0.5956148148148148	0.5469336670838547	0.772873867903689	0.11518683127572016	0.2004928084350467
