Epoch	Train Loss	Test Loss
1	0.08228681749868684	0.02984841198970874
2	0.029009968814689938	0.030826943202151194
3	0.02439267206482771	0.03681609179410669
4	0.021127589682980282	0.044394632490972676
5	0.01793962330898134	0.04079106594953272
6	0.015145453601712135	0.047307646108998194
7	0.012852648909135563	0.04598539757231871
8	0.010852872144158294	0.04997008190386825
9	0.009198585332075997	0.057498725752035774
10	0.00782775366678834	0.05854481334487597
