Opt_Th	P	R	F1	P_5	R_5	F1_5
0.26049888	0.593207495177735	0.4986391800335862	0.5418279062450843	0.8056860902255639	0.3971278012623777	0.5320197044334976
