Opt_Th	P	R	F1	P_5	R_5	F1_5
0.20828685	0.5273659912798153	0.5813401187446989	0.5530392684238838	0.8129360293248197	0.3887475261521063	0.5259735291867493
