Opt_Th	P	R	F1	P_5	R_5	F1_5
0.709771	0.8017306948964451	0.423361316872428	0.5541163594370762	0.8016949574393947	0.42417119341563786	0.5548010386210281
