Epoch	Train Loss	Test Loss
1	0.09837899155548362	0.03534268038525323
2	0.031933880212609886	0.03849470648606112
3	0.02851467626169324	0.03561517396929917
4	0.02737286453303255	0.036094980005910444
5	0.026514403888436615	0.04086872522428537
6	0.025637297333813595	0.039847776507306254
7	0.024520100040941455	0.04135080665397416
8	0.02308414995548178	0.04056459473101956
9	0.021360482844966847	0.041312711159135124
10	0.019478504210099824	0.04419924520478127
