Opt_Th	P	R	F1	P_5	R_5	F1_5
0.17333193	0.5312260767960031	0.5208691358024692	0.5259966288660823	0.8107566322613665	0.25032427983539096	0.38253834892109856
