Opt_Th	P	R	F1	P_5	R_5	F1_5
0.2563938	0.6304967732252739	0.4750918857789087	0.541872238882977	0.8043625678119349	0.40243143907266044	0.536464025929974
