Opt_Th	P	R	F1	P_5	R_5	F1_5
0.2102262	0.6260074395536268	0.4677746250506688	0.5354455970569714	0.8056860902255639	0.3971278012623777	0.5320197044334976
