Opt_Th	P	R	F1	P_5	R_5	F1_5
0.13111727	0.5527538891931497	0.49176625514403294	0.5204795935789376	0.8117202852789861	0.2420543209876543	0.37290783307297476
