Opt_Th	P	R	F1	P_5	R_5	F1_5
0.17276618	0.4981336651261998	0.6491400775956917	0.563698991778342	0.6889056278919617	0.3707221031906885	0.4820420149085159
