Epoch	Train Loss	Test Loss
1	0.04486455109550572	0.036113580202410935
2	0.026721211509076786	0.037795332242633886
3	0.024377031244154346	0.03810899654866024
4	0.021163639322411817	0.04175148904323578
5	0.017744421298600366	0.041115370146028556
6	0.014580137023824404	0.05077521308402347
7	0.011833948781713843	0.04992527988068997
8	0.009486238544684698	0.04993127820313357
9	0.007843145178859963	0.05547361595520548
10	0.006344419762828067	0.06103191655247834
