Epoch	Train Loss	Test Loss
1	0.07957811604830481	0.031119095161557198
2	0.02836770395792666	0.03506247775957865
3	0.023384925731945606	0.038662506596130485
4	0.01986591952542464	0.041868404430501605
5	0.01666184849593611	0.04579332273672609
6	0.013761493155644053	0.04614541493356228
7	0.011641256710780519	0.057668866699232775
8	0.010026303142131794	0.05126871497315519
9	0.00862419560906433	0.0634490797186599
10	0.00754627854829388	0.057019718210486806
