Opt_Th	P	R	F1	P_5	R_5	F1_5
0.24930492	0.8005982672591416	0.4246979423868313	0.5549881475299108	0.8016949574393947	0.42417119341563786	0.5548010386210281
