Opt_Th	P	R	F1	P_5	R_5	F1_5
0.11495348	0.4472905047166563	0.7346338705117331	0.5560334681474824	0.7923661424279909	0.25354820469324285	0.384167237834133
