Epoch	Train Loss	Test Loss
1	0.035892839986281316	0.03656960569417021
2	0.02081564928359184	0.044503016670228566
3	0.01633401989524604	0.04996497504365672
4	0.013454278152374948	0.05569308799258463
5	0.011445758436791232	0.05972088472383797
6	0.009919875152561753	0.06955073690813059
7	0.00860698652438453	0.06193650149663163
8	0.007762403063262339	0.07257161856551839
9	0.007001300586662332	0.07987219776222661
10	0.0063180673798759945	0.07656485745149433
