Opt_Th	P	R	F1	P_5	R_5	F1_5
0.24151705	0.5482320631651219	0.5418150975402883	0.5450046924323864	0.8043625678119349	0.40243143907266044	0.536464025929974
