Opt_Th	P	R	F1	P_5	R_5	F1_5
0.16636786	0.4992927197284044	0.5987560079163132	0.5445195793587535	0.8044121603443637	0.3381396663839412	0.47613360404474697
