Epoch	Train Loss	Test Loss
1	0.05203885235442001	0.03508377790593418
2	0.023106543354873287	0.038639591306827634
3	0.01815109801112262	0.04991443831307493
4	0.014864655341342336	0.049750584005645124
5	0.012512263536575387	0.059003710165430025
6	0.0107642930749132	0.05618591619667354
7	0.009351232917368656	0.059419177686143076
8	0.008298203039944906	0.048233809708884565
9	0.007444273838849708	0.07333028126674093
10	0.006541148190707212	0.05971977729231689
