Opt_Th	P	R	F1	P_5	R_5	F1_5
0.36583358	0.8440957527988281	0.36560696230645245	0.5102200403835575	0.8884944553389049	0.3496097695685132	0.501777371476402
