Opt_Th	P	R	F1	P_5	R_5	F1_5
0.3503118	0.888266525373328	0.36697059178285363	0.5193722971093296	0.9300041542887152	0.35336022646218357	0.5121327714860716
