Opt_Th	P	R	F1	P_5	R_5	F1_5
0.27849585	0.8068248595052266	0.1737627715628186	0.2859430800706916	0.8791768721535299	0.15931566526206212	0.26974993699758404
