Opt_Th	P	R	F1	P_5	R_5	F1_5
0.33943877	0.8396295544235404	0.35252885258723426	0.4965676401367461	0.8892527783177545	0.3334834576028676	0.48506142614327935
