Opt_Th	P	R	F1	P_5	R_5	F1_5
0.34515816	0.8883916728333868	0.3789905993176948	0.5313189239179107	0.9191349895463643	0.367910213283657	0.5254813883722389
