Opt_Th	P	R	F1	P_5	R_5	F1_5
0.22632946	0.5947588785460257	0.19167682687714344	0.28991942713325325	0.90092219921066	0.16438507554205614	0.2780383975302091
