Opt_Th	P	R	F1	P_5	R_5	F1_5
0.34824368	0.8582272042569008	0.3523348648480007	0.4995751539519442	0.8984157182827391	0.33783273685192494	0.49102466365498365
