Opt_Th	P	R	F1	P_5	R_5	F1_5
0.33440402	0.8958624731673817	0.371010517506593	0.524716214224038	0.9330990732525279	0.35548517080710657	0.5148330580080829
