Opt_Th	P	R	F1	P_5	R_5	F1_5
0.17195207	0.639577370265635	0.19875154185650218	0.30326280446427484	0.9335594593226345	0.1643512081738002	0.2794974665682496
