Opt_Th	P	R	F1	P_5	R_5	F1_5
0.4465811	0.9761867618092654	0.9756081740496536	0.9758973821715272	0.979418263210168	0.9717901263954678	0.9755892839220597
