Opt_Th	P	R	F1	P_5	R_5	F1_5
0.49464124	0.9748728922588119	0.9765006968841474	0.9756861156271932	0.9751420081394332	0.976209301646326	0.975675363014266
