Opt_Th	P	R	F1	P_5	R_5	F1_5
0.5053402	0.9775307311119712	0.979957630144486	0.9787426761904422	0.9772762602511662	0.9801712646687772	0.9787216216489228
