Opt_Th	P	R	F1	P_5	R_5	F1_5
0.48232344	0.9756727753409018	0.9746729162616341	0.9751725895087084	0.9764536533507462	0.9738593142879048	0.9751547583026303
