Opt_Th	P	R	F1	P_5	R_5	F1_5
0.44416615	0.9649462630639001	0.9690955940110924	0.9670164775099122	0.9685218024731164	0.9652769512746662	0.9668966544966844
