Opt_Th	P	R	F1	P_5	R_5	F1_5
0.4795664	0.7001821807803138	0.9711034014900859	0.8136841538413978	0.7064269786209826	0.9501309180928804	0.8103527381617012
