Opt_Th	P	R	F1	P_5	R_5	F1_5
0.55608964	0.9814884718806107	0.9778754373854467	0.9796786234452383	0.9789192019632934	0.9801069957868177	0.9795127387843715
