Opt_Th	P	R	F1	P_5	R_5	F1_5
0.41962224	0.964669125277611	0.9630102611284685	0.9638389794354172	0.9697601364637567	0.9571217726323054	0.9633995072129395
