Opt_Th	P	R	F1	P_5	R_5	F1_5
0.46936503	0.6913316865309254	0.9681221140005714	0.8066431179048621	0.7007987401789868	0.936768716610487	0.8017823433384383
