Opt_Th	P	R	F1	P_5	R_5	F1_5
0.48886046	0.979516129495535	0.9727042299544264	0.9760982953147159	0.9800227755770639	0.9721592044841552	0.9760751524317163
