Opt_Th	P	R	F1	P_5	R_5	F1_5
0.2264791	0.3243330470315713	0.5534326396105915	0.4089849878235298	0.5095749015347005	0.03332711558788783	0.06256252918028414
