Epoch	Train Loss	Test Loss
1	0.18675707591862617	0.15842152386903763
2	0.09906285482494137	0.15531906125874356
3	0.08790187933776952	0.16376671169338555
4	0.08077722759563712	0.15906276759402505
5	0.07373487194882164	0.16758447500138446
6	0.06691910783889927	0.18860670256203618
7	0.06162806595616703	0.1983924595446422
8	0.05771378215543831	0.18710045028349448
9	0.05275314164501202	0.1930761768900115
10	0.05098940686711782	0.2079341820087926
11	0.0477561567308782	0.21556633531019606
