Epoch	Train Loss	Test Loss
1	0.1847402500478845	0.20143247209489346
2	0.12489191697616327	0.191780432437857
3	0.10629114273347352	0.20161125312248865
4	0.08993262248603921	0.21688518424828848
5	0.08027757959146249	0.23798084196945032
6	0.07449888281132046	0.2236517108976841
7	0.06802509283941043	0.23607770601908365
8	0.06151997464659967	0.281775110711654
9	0.05730941519141197	0.274715522925059
10	0.05653880056189863	0.24793964872757593
11	0.05305335170736438	0.27981200193365413
