Epoch	Train Loss	Test Loss
1	0.2004500603989551	0.17465842763582864
2	0.13645074300860105	0.17119533568620682
3	0.12844092987085642	0.17507198080420494
4	0.12414548938211642	0.181476641446352
5	0.11978073790669441	0.1958101224154234
6	0.11336462395755868	0.19414709135890007
7	0.10751236681091159	0.19014391923944154
8	0.10277831848514707	0.18808491776386896
9	0.0948131596179385	0.19639052885274091
10	0.08657768996138322	0.18928616866469383
11	0.07818292453885078	0.2031510348121325
