Epoch	Train Loss	Test Loss
1	0.1499598742097239	0.18059191827116342
2	0.09993677435419228	0.16843682347700514
3	0.08806316960084287	0.1733774928183391
4	0.08070701040044616	0.1715924595964366
5	0.07385575629865067	0.1948860583120379
6	0.0679318149915979	0.2091980072958716
7	0.06273957016535953	0.2164332684257935
8	0.059055513218988345	0.20681282132863998
9	0.054047135046765775	0.2126994831808682
10	0.05173388896863672	0.2129107842157627
11	0.049249338528400737	0.23114387151496163
