Opt_Th	P	R	F1	P_5	R_5	F1_5
0.11648287	0.3501359927470535	0.5498403400654911	0.42783101355468167	0.40771228379636437	0.1692395305794537	0.23919167529033
