Opt_Th	P	R	F1	P_5	R_5	F1_5
0.49983674	0.5970040756012107	0.4449862765475524	0.5099061044810299	0.5970131464464071	0.44492409909309744	0.5098685884712085
