Opt_Th	P	R	F1	P_5	R_5	F1_5
0.23906906	0.3640434358223524	0.6068501230500132	0.45508552777078715	0.447957535195015	0.1579107938251266	0.23350727078602684
