Opt_Th	P	R	F1	P_5	R_5	F1_5
0.30666718	0.5001037682706276	0.5993196009983923	0.5452348917360614	0.5683479985128269	0.48882138193833774	0.525593455868659
