Opt_Th	P	R	F1	P_5	R_5	F1_5
0.20718797	0.3880213186239797	0.6352431508938923	0.4817677001388247	0.4057715505242646	0.08894176988630585	0.1459028426531429
