Opt_Th	P	R	F1	P_5	R_5	F1_5
0.21946642	0.4869913536987826	0.5518249082882547	0.517384967728503	0.6287960078085609	0.4320267185404287	0.5121622475412253
