Opt_Th	P	R	F1	P_5	R_5	F1_5
0.20468675	0.3841267625296663	0.6715479895051559	0.48871028618369927	0.37565508671457126	0.14141599040006508	0.20547904722501334
