Epoch	Train Loss	Test Loss
1	0.254130020737648	0.18224078168471655
2	0.12436913522450548	0.1864674867441257
3	0.1044902672108851	0.19548344487945238
4	0.09217589054452746	0.20501003538568816
5	0.08188044260206975	0.19714256996909776
6	0.07540026248285644	0.20870093504587808
7	0.06940875280844538	0.24154035622874895
8	0.06434585359927855	0.22997056817015013
9	0.05865891287593465	0.24004886920253435
10	0.056806993131574834	0.2535829097032547
