Opt_Th	P	R	F1	P_5	R_5	F1_5
0.21159382	0.35636831464804264	0.5915553114894136	0.4447859797219801	0.0	0.0	0.0
