Opt_Th	P	R	F1	P_5	R_5	F1_5
0.27065834	0.541501311372621	0.6290315417343957	0.5819937541091387	0.6130469167965388	0.4682051145397536	0.5309246939258573
