Opt_Th	P	R	F1	P_5	R_5	F1_5
0.23379105	0.88955744328752	0.9907089782406491	0.9374124173418793	0.8990010271927682	0.9652721668376018	0.9309586945586438
