Opt_Th	P	R	F1	P_5	R_5	F1_5
0.49793243	0.894305193400035	0.9922335766553957	0.9407277017081811	0.8974324223415069	0.9877997899685199	0.9404502559540376
