Opt_Th	P	R	F1	P_5	R_5	F1_5
0.49033716	0.8863021553884043	0.9857830812716459	0.933399454861613	0.886593551613231	0.9853786764756998	0.9333796381716754
