Epoch	Train Loss	Test Loss
1	0.18500937093809552	0.20051561431273035
2	0.17010932425227093	0.19101473609671782
3	0.1619797802663275	0.1975387394869406
4	0.15798568150636796	0.19813584790712124
5	0.15425144873407423	0.1977003987829544
6	0.1513521108130107	0.22209266450648246
7	0.14881611685743745	0.23254242867819572
8	0.14646076402455874	0.21749044374905918
9	0.14405506787517544	0.2367150532326808
10	0.14174673299552226	0.23842898332758955
11	0.1372326924180498	0.29289592082955335
