Opt_Th	P	R	F1	P_5	R_5	F1_5
0.5510072	0.8893038186877661	0.9834466541134029	0.9340089645478475	0.8876944086951373	0.9851421325748851	0.9338830630287712
