Opt_Th	P	R	F1	P_5	R_5	F1_5
0.30954656	0.8979021598742565	0.9925285734845712	0.9428470815064256	0.9073135192518935	0.9632884385732844	0.9344634967374181
