Opt_Th	P	R	F1	P_5	R_5	F1_5
0.17142214	0.9088603536948351	0.993575376106979	0.9493316947376086	0.9211743259637556	0.9447100124137976	0.9327937332634404
