Opt_Th	P	R	F1	P_5	R_5	F1_5
0.52047396	0.894779879028243	0.9908047766226531	0.9403472557014299	0.8942254580403229	0.9913518291201233	0.9402871465523985
