Opt_Th	P	R	F1	P_5	R_5	F1_5
0.49761733	0.8778661901343993	0.9885431926660267	0.9299231501150405	0.8778795736099106	0.9885273427416383	0.9299236458512037
