Epoch	Train Loss	Test Loss
1	0.06379096834536861	0.03707381481161484
2	0.029713812573742466	0.03879894956659812
3	0.026078998729461383	0.04415233224057234
4	0.021424364142057273	0.04083034410499609
5	0.01740103788642573	0.043804110443362826
6	0.014070788241860246	0.04232600054775293
7	0.011627289787435732	0.04489115820481227
8	0.009654492441126528	0.05756531715966188
9	0.007989674638330686	0.05624764054440535
10	0.006893222908951154	0.06192401767923282
