Opt_Th	P	R	F1	P_5	R_5	F1_5
0.22947861	0.4995138005834393	0.6411392911432915	0.5615343110805906	0.7956064647732622	0.4056644531562525	0.5373463331920305
