Opt_Th	P	R	F1	P_5	R_5	F1_5
0.109065406	0.4377497431213609	0.4933970306744519	0.4639105874879954	0.8272064866049417	0.12143512039762583	0.21178054715935787
