Opt_Th	P	R	F1	P_5	R_5	F1_5
0.25368002	0.49183115156473717	0.6156172493799504	0.5468060460918568	0.7983677084651398	0.403840307224578	0.5363681766499836
