Epoch	Train Loss	Test Loss
1	0.047551341339194475	0.04035880763370257
2	0.02323761727942639	0.043734446325554295
3	0.017828663325860722	0.04278080365978754
4	0.014245065077826255	0.06132235143047113
5	0.011711044925726763	0.05800396946187203
6	0.009752739983916032	0.06223498330666469
7	0.008269974887527587	0.07396370688310036
8	0.007085366538498832	0.07615949445619033
9	0.006204173360176447	0.07916806300099079
10	0.005506156168940689	0.0713926126750616
