Epoch	Train Loss	Test Loss
1	0.08148184410852044	0.0423719585658266
2	0.02688165253200451	0.04801036060716097
3	0.021027096805452297	0.05359022909632096
4	0.01695121981266166	0.055828772829129146
5	0.014024236998638185	0.06407450110866474
6	0.011670599863747088	0.06513763965608982
7	0.009779026700543756	0.061103658492748555
8	0.008368129020228106	0.06224714420162714
9	0.007154274688830145	0.07236074140438667
10	0.0062353837718608	0.05773524343967438
