Epoch	Train Loss	Test Loss
1	0.04719243529073607	0.028909439251067176
2	0.026660704949440863	0.029391268328312906
3	0.025226422209435932	0.034075622987602985
4	0.023299245692144793	0.03840313172869144
5	0.020387654971832838	0.036812369982081074
6	0.017272983494107254	0.03761151532131818
7	0.014290142571553588	0.04303290256329121
8	0.011854753842971359	0.04690325824964431
9	0.009728125184595298	0.0485637869625803
10	0.008251046513368446	0.052765832132389466
