Opt_Th	P	R	F1	P_5	R_5	F1_5
0.19301674	0.4581129660650091	0.7789423153852308	0.5769242164769461	0.7915242870373327	0.39659172733818704	0.5284197509807266
