Opt_Th	P	R	F1	P_5	R_5	F1_5
0.5527414	0.8043985691766703	0.4268284836494073	0.5577203989196801	0.8041630109218528	0.42754427447763355	0.5582743483648737
