Opt_Th	P	R	F1	P_5	R_5	F1_5
0.11852629	0.4329582189514982	0.5999774807379884	0.502964863252214	0.7748726037369571	0.10272804774083547	0.18140631435429122
