Opt_Th	P	R	F1	P_5	R_5	F1_5
0.18069491	0.5504008822389794	0.5909752780222418	0.5699668973818838	0.7709643908351128	0.42750620049603966	0.5500211016068102
