Epoch	Train Loss	Test Loss
1	0.03701013271123744	0.03012638608173978
2	0.02036224738157426	0.034429634140143474
3	0.01587270596064627	0.03512671238352214
4	0.013262117877065275	0.03902217610588958
5	0.011236783520032007	0.04450770131041927
6	0.009722171091617873	0.04467605489997133
7	0.008691124911330497	0.049160797509454915
8	0.007690479770714704	0.0509413076083987
9	0.007003742100026172	0.04928503780355377
10	0.006257675464999361	0.05294030688462719
