Opt_Th	P	R	F1	P_5	R_5	F1_5
0.15396956	0.5300576404987156	0.5443388183821519	0.5371033147373684	0.7090002462447673	0.09262655020991169	0.16384743423766912
