Epoch	Train Loss	Test Loss
1	0.05698526946183007	0.030969696570067637
2	0.02351317603069429	0.03575948724943784
3	0.01839760528393806	0.03437656921244437
4	0.014670650300104171	0.03806250058715382
5	0.012340597374042353	0.04025286366982806
6	0.010562204666292438	0.03964842813870599
7	0.009393139749031084	0.03987197704132526
8	0.008397066121688113	0.04559340862737548
9	0.007173598667857452	0.04377641459746707
10	0.0065995801929742675	0.04798834626713107
