Opt_Th	P	R	F1	P_5	R_5	F1_5
0.1166889	0.4895937224388193	0.4777139732020782	0.48358089872546905	0.7952373552948488	0.16463993308562144	0.2728011727078891
