Opt_Th	P	R	F1	P_5	R_5	F1_5
0.2127546	0.5472957967516989	0.5915033202656212	0.5685415032528953	0.7913296971976679	0.4039523161852948	0.5348686928610019
