Opt_Th	P	R	F1	P_5	R_5	F1_5
0.11658982	0.32925893569716974	0.42288179350514327	0.3702435032414293	0.6364300495901885	0.1495683264520436	0.24221367453787468
