Opt_Th	P	R	F1	P_5	R_5	F1_5
0.12907591	0.4540790993489825	0.3644919293111687	0.4043831535364612	0.8300912315171303	0.24298122830090538	0.3759235179142439
