Opt_Th	P	R	F1	P_5	R_5	F1_5
0.11743531	0.41175283720826567	0.44805142171126155	0.4291359159738146	0.8282908743672567	0.21701751777019407	0.34392458895183026
