Opt_Th	P	R	F1	P_5	R_5	F1_5
0.14683414	0.4404339508582663	0.4305724120724142	0.43544735526741346	0.6793895497619306	0.27786470336994074	0.3944163739144658
