Opt_Th	P	R	F1	P_5	R_5	F1_5
0.39674002	0.5853327333159644	0.9579411629798508	0.7266556126280671	0.6236144633703423	0.7886860481567644	0.6965033612529661
