Opt_Th	P	R	F1	P_5	R_5	F1_5
0.46993324	0.9711650517920702	0.9736693777948913	0.972415602407194	0.9726245954600764	0.9720644339820985	0.9723444340447231
