Opt_Th	P	R	F1	P_5	R_5	F1_5
0.4672147	0.9528931867018153	0.9524256364901418	0.9526593542294115	0.9557383143042146	0.9492684619126651	0.9524924015359796
