Opt_Th	P	R	F1	P_5	R_5	F1_5
0.5201441	0.7506061450439767	0.9755330157804968	0.8484148821331136	0.7505916630790476	0.9755720012039616	0.8484203740219396
