Opt_Th	P	R	F1	P_5	R_5	F1_5
0.4430789	0.9813282945351751	0.9787982361006933	0.9800616324652632	0.9839054173297523	0.9759433182519625	0.9799081943432404
