Opt_Th	P	R	F1	P_5	R_5	F1_5
0.56402665	0.970143585271512	0.9695278063289495	0.969835598055915	0.9656222228060047	0.973607196316565	0.9695982700927683
