Opt_Th	P	R	F1	P_5	R_5	F1_5
0.41819388	0.7435819096200732	0.976234831107657	0.844171989680129	0.7514384012611861	0.9571002345759797	0.8418912572779825
