Opt_Th	P	R	F1	P_5	R_5	F1_5
0.5088877	0.9823695624905098	0.9842302577028562	0.9832990298498128	0.9820576490864115	0.9845269620638907	0.9832907552969311
