Opt_Th	P	R	F1	P_5	R_5	F1_5
0.53508514	0.9864925093287596	0.9813426082968243	0.9839108200671518	0.9847775933527324	0.9828036061516705	0.9837896095451719
