Opt_Th	P	R	F1	P_5	R_5	F1_5
0.49519843	0.9860642652515267	0.9828828041396873	0.9844709643637367	0.9861881085550568	0.982745790979337	0.9844639406386794
