Opt_Th	P	R	F1	P_5	R_5	F1_5
0.5649078	0.9798713663920411	0.9773500019058041	0.9786090600917322	0.9774253051242043	0.9795668720843619	0.978494916829276
