Opt_Th	P	R	F1	P_5	R_5	F1_5
0.493685	0.9843034275634855	0.9840895518109589	0.9841964780678867	0.9845028199203618	0.9838778074521402	0.9841902144573265
