Opt_Th	P	R	F1	P_5	R_5	F1_5
0.17654361	0.4471868695673831	0.3276340279551841	0.37818710309310916	0.7827673593512418	0.1409072661581694	0.2388235112190143
