Opt_Th	P	R	F1	P_5	R_5	F1_5
0.29817355	0.7649716277688328	0.7100921424943771	0.7365109943861656	0.8045217137221958	0.6392512515417543	0.712427126373582
