Opt_Th	P	R	F1	P_5	R_5	F1_5
0.19615012	0.3850711778037833	0.474344002043721	0.4250709269146179	0.5445898520777985	0.3029816430057297	0.3893494038057943
