Opt_Th	P	R	F1	P_5	R_5	F1_5
0.36630306	0.5283085790290402	0.6266466829691567	0.5732911559880204	0.6110422459713893	0.47958244589939786	0.5373895109015911
