Opt_Th	P	R	F1	P_5	R_5	F1_5
0.3673516	0.5322386773410746	0.6170755436354552	0.5715259850957088	0.6021779277844997	0.497278535931214	0.544723994412201
