Epoch	Train Loss	Test Loss
1	0.23342157974839212	0.21035134579454148
2	0.13205959014594554	0.243312982576234
3	0.10754876025021076	0.27228114008903503
4	0.09312557689845562	0.2602324038743973
5	0.09124641530215741	0.23129332278456008
6	0.08766630068421363	0.251547885792596
7	0.08607247248291969	0.2736295610666275
8	0.07365627633407712	0.25669433389391216
9	0.05898470506072044	0.2922722079924175
10	0.05215767342597246	0.32393177705151693
