Opt_Th	P	R	F1	P_5	R_5	F1_5
0.25792748	0.618244146750626	0.6686387420788305	0.6424547131199312	0.6909925821264571	0.5143698561699666	0.5897408842194118
