Opt_Th	P	R	F1	P_5	R_5	F1_5
0.24639392	0.7218952841171874	0.6568236233040702	0.6878238538801684	0.8137123509910418	0.5021838496698832	0.6210720887245841
