Opt_Th	P	R	F1	P_5	R_5	F1_5
0.4021429	0.6151975861967953	0.609475440760357	0.6123231454416901	0.7077291666666666	0.49294057897409854	0.581123038104606
