Opt_Th	P	R	F1	P_5	R_5	F1_5
0.26084936	0.6301598837209302	0.6839946359548789	0.6559745810795475	0.7067089079388744	0.49856695853382765	0.5846656696628174
