Opt_Th	P	R	F1	P_5	R_5	F1_5
0.12337559	0.17261305164574883	0.462775081201416	0.25144007217711156	0.0	0.0	0.0
