Opt_Th	P	R	F1	P_5	R_5	F1_5
0.33739883	0.4874281681621131	0.44111528776322034	0.4631167562286273	0.5916306775874907	0.36246852304660415	0.4495287235366668
