Opt_Th	P	R	F1	P_5	R_5	F1_5
0.31724796	0.7697546824746169	0.7084669520423711	0.7378403088943126	0.8024069510154886	0.6472466081404629	0.7165231639144124
