Opt_Th	P	R	F1	P_5	R_5	F1_5
0.24476586	0.639017270737047	0.6907522810338934	0.663878394258349	0.6790874524714829	0.51657858063159	0.5867893251295531
