Opt_Th	P	R	F1	P_5	R_5	F1_5
0.2877494	0.7282992456645151	0.6794747152289051	0.7030403122888672	0.7879153843157115	0.5869549444968439	0.6727482890239744
