Opt_Th	P	R	F1	P_5	R_5	F1_5
0.19744132	0.41395357893916973	0.3879237984015182	0.40051621168447027	0.6152589518301029	0.25427904091091563	0.35984041523027466
