Opt_Th	P	R	F1	P_5	R_5	F1_5
0.40106243	0.8934889841097383	0.9907100159704353	0.9395912912373923	0.8977499261266585	0.9853078323159662	0.9394932573977427
