Opt_Th	P	R	F1	P_5	R_5	F1_5
0.28640774	0.901813543243053	0.9936474825966304	0.9455058635331679	0.9090514201820542	0.9684636469869417	0.937817511116599
