Epoch	Train Loss	Test Loss
1	0.15950931161508192	0.16713696357806865
2	0.15292130086674738	0.17677477736357752
3	0.14985924191364594	0.19766019343092323
4	0.14704877932063118	0.20721261756341547
5	0.14323091097276486	0.21221242434415355
6	0.13785971350372106	0.251474831490905
7	0.1315387141659039	0.26029349125169016
8	0.12416323054806135	0.266838226834159
9	0.11702223804253024	0.3142774728021572
10	0.10945111138935251	0.3230850320454521
