Opt_Th	P	R	F1	P_5	R_5	F1_5
0.18663104	0.9010838795425393	0.9942297454879161	0.9453679690678604	0.9089442299820845	0.9277091653621344	0.9182308377780461
