Opt_Th	P	R	F1	P_5	R_5	F1_5
0.4068306	0.8990551826139755	0.986180708758269	0.9406047076238034	0.9021335235197483	0.9810431170113217	0.9399350701638214
