Opt_Th	P	R	F1	P_5	R_5	F1_5
0.52564967	0.9060171811822232	0.9907473452469587	0.9464897771936844	0.9053600155709448	0.9913620861186128	0.9464112775670018
