Epoch	Train Loss	Test Loss
1	0.15778604222784573	0.17905479367847923
2	0.14527621766199214	0.19302587504243504
3	0.13450262166044247	0.21183468167166136
4	0.12257932720292504	0.2543588567793063
5	0.10955900963988266	0.2688399808679082
6	0.09676070000578023	0.29945793425925843
7	0.086069974268436	0.3079519147892189
8	0.07548876736323146	0.3612374790309456
9	0.0672037711288355	0.39455147649238065
10	0.06049868827292433	0.4272631749794627
