Opt_Th	P	R	F1	P_5	R_5	F1_5
0.4081548	0.6812007596268981	0.7826654632445079	0.728416708802949	0.7164221781286012	0.7245331627511633	0.7204548425042477
