Epoch	Train Loss	Test Loss
1	0.18869658491415223	0.1686420459723608
2	0.1483080801894752	0.16263903728262943
3	0.14158236916835715	0.16602080484682863
4	0.13646436991488062	0.1688572112047537
5	0.13432653639011266	0.16881167253648693
6	0.1287402386163793	0.1868704934604466
7	0.12413104796191542	0.18880293260074474
8	0.12073513202187491	0.18659891133111986
9	0.11714998846192186	0.2001820592717691
10	0.11344401592888483	0.20002584481103855
11	0.11001290090200377	0.2116832660765133
