Opt_Th	P	R	F1	P_5	R_5	F1_5
0.36120963	0.7030971902623564	0.8273293667136936	0.7601710131158365	0.7388366751087514	0.7694599497016272	0.7538374369012052
