Epoch	Train Loss	Test Loss
1	0.1542598278280967	0.19553036740917254
2	0.14429669056727024	0.2032772318638657
3	0.1324408722025579	0.196558768191209
4	0.11937495380613253	0.2353331699763259
5	0.10618967265024554	0.2800746231965006
6	0.09355746906481663	0.26857089696209624
7	0.08086433365392127	0.30777333120413586
8	0.07053188925403148	0.31324642451562956
9	0.06271161374645198	0.3589255736139284
10	0.055574433384371145	0.3542513516069747
