Opt_Th	P	R	F1	P_5	R_5	F1_5
0.2814243	0.6297134238310709	0.7316923562246427	0.6768834179775371	0.7091269481924195	0.6175833997844355	0.6601969031315279
