Opt_Th	P	R	F1	P_5	R_5	F1_5
0.4277353	0.8922307167561665	0.9895780846709924	0.9383864748667141	0.895561427216588	0.9844756927443283	0.9379160093099421
