Epoch	Train Loss	Test Loss
1	0.17109320992193883	0.1545788611744671
2	0.15898341271166103	0.15686100386465862
3	0.1574079816473141	0.16114589968721751
4	0.15671453646385017	0.15733619179091837
5	0.15672360565463167	0.15621750108412888
6	0.15615888406511694	0.16028114405065164
7	0.15599361201957443	0.1604013722262358
8	0.1570095734642308	0.16040396080543734
9	0.157009965834699	0.16055725849782154
10	0.15664482686370745	0.1648450839422541
