Opt_Th	P	R	F1	P_5	R_5	F1_5
0.3808352	0.8964598483176609	0.9880490677584676	0.9400287893117939	0.9009996358809662	0.9796382882287846	0.9386748290817493
