Opt_Th	P	R	F1	P_5	R_5	F1_5
0.29040107	0.6651647290094642	0.8628273994689754	0.7512111386610719	0.7121132580311934	0.7369675514156275	0.7243272572247988
