Opt_Th	P	R	F1	P_5	R_5	F1_5
0.529786	0.9048719830938249	0.9908510992274864	0.9459117815992344	0.9040391068492794	0.9915626888514095	0.9457803317631372
