Opt_Th	P	R	F1	P_5	R_5	F1_5
0.21064636	0.5069802429257284	0.6178381730432203	0.5569463348240326	0.7954027749016359	0.4142468117231524	0.5447743994326745
