Epoch	Train Loss	Test Loss
1	0.046850225370791226	0.03538993953002824
2	0.02835241484686605	0.03743822887815811
3	0.025904563104367662	0.038852719300323066
4	0.022278391931237828	0.04908711257632132
5	0.018555192205195244	0.0445318219838319
6	0.014965346393485865	0.050238457294525925
7	0.01159823925083137	0.05625354675231157
8	0.008885254981951455	0.06324066307257722
9	0.006892340361244149	0.0697414138664802
10	0.00548960074571431	0.06952952237592804
