Opt_Th	P	R	F1	P_5	R_5	F1_5
0.2218248	0.835245046923879	0.48492553577915004	0.6136050252796078	0.8667845965437474	0.38563990797917425	0.5337914274940294
