Opt_Th	P	R	F1	P_5	R_5	F1_5
0.21625496	0.6185476531010272	0.5130631723691661	0.560888980590394	0.7989709665564131	0.41031033460055544	0.5421832692033632
