Opt_Th	P	R	F1	P_5	R_5	F1_5
0.1563428	0.4981500992330875	0.6104397171638318	0.548607972368572	0.7734436564223798	0.16208283917070754	0.2680029787762194
