Opt_Th	P	R	F1	P_5	R_5	F1_5
0.17454958	0.7089506686643361	0.7734592565685918	0.7398013839427893	0.8760171790235082	0.469245671388788	0.6111330126941575
