Opt_Th	P	R	F1	P_5	R_5	F1_5
0.20360008	0.5476450094412383	0.555205047318612	0.5513991163475699	0.7992943129929432	0.4153252986060557	0.5466191160554283
