Opt_Th	P	R	F1	P_5	R_5	F1_5
0.12759447	0.47655270353975615	0.4735479125069433	0.47504555654282316	0.7757701888815313	0.18466919878098212	0.29832358201715825
