Opt_Th	P	R	F1	P_5	R_5	F1_5
0.24244627	0.5113107119095143	0.6216128771333819	0.5610922498448508	0.7803068284367793	0.41963924613766884	0.5457701411414044
