Opt_Th	P	R	F1	P_5	R_5	F1_5
0.6312011	0.7968353420644244	0.41240185554938374	0.5435101968135885	0.7967981008627179	0.4131900136614073	0.5441855407155497
