Opt_Th	P	R	F1	P_5	R_5	F1_5
0.10327085	0.3867055947251889	0.6541937517827386	0.48608039710536965	0.6001660210293304	0.2116542312831214	0.3129453286275554
