Opt_Th	P	R	F1	P_5	R_5	F1_5
0.6253154	0.8490525639653143	0.48014287444000486	0.6134034572102557	0.8489316239316239	0.48105097469427294	0.6141123734446249
