Epoch	Train Loss	Test Loss
1	0.06383054460383068	0.02861846316801874
2	0.02394450661110676	0.029648720973024244
3	0.019214225080558808	0.03356937985671194
4	0.015531800734668465	0.03691283059551528
5	0.013117538102097431	0.03910060672971763
6	0.011392029112804744	0.04572628114960695
7	0.009551526126215014	0.04567874762180604
8	0.008502690500374568	0.049177025395788644
9	0.0073543755590158	0.050727852767235355
10	0.006545815885193267	0.05192408622487595
