Epoch	Train Loss	Test Loss
1	0.08381008066456108	0.026247964975865262
2	0.01903815011439078	0.03169702885574416
3	0.013556269956204821	0.04075753933897144
4	0.010307476061451085	0.05136337092048243
5	0.00864808846210294	0.046780030488183626
6	0.00746985268779099	0.05203485116362572
7	0.006401811808566837	0.0521580098490966
8	0.0059822995407397255	0.048820234639079946
9	0.005333012873854707	0.06394407819760473
10	0.004745541181524887	0.048717695631478965
