Epoch	Train Loss	Test Loss
1	0.03767678086669781	0.03998560343903524
2	0.022691345972637843	0.04151587646316599
3	0.018254427525859613	0.04489462141085554
4	0.014981664163975889	0.050352618470788
5	0.012577494005394032	0.05537203946323307
6	0.010800829427873986	0.06168076692631951
7	0.009336411336070707	0.06652005007145581
8	0.008297219838644577	0.05665732310326011
9	0.0073084399386699125	0.05763254615443724
10	0.006711429375040735	0.06277085058391094
