Opt_Th	P	R	F1	P_5	R_5	F1_5
0.11851289	0.84816474605207	0.48123259474512653	0.6140594824256469	0.8489316239316239	0.48105097469427294	0.6141123734446249
