Opt_Th	P	R	F1	P_5	R_5	F1_5
0.18101503	0.5010968612892339	0.6241161369743736	0.5558816647166973	0.7755459582790091	0.1428818063082674	0.24130674543310981
