Opt_Th	P	R	F1	P_5	R_5	F1_5
0.12222867	0.6390321722946025	0.7275093837026274	0.6804065339863545	0.797027840481565	0.513016103644509	0.6242357274401473
