Opt_Th	P	R	F1	P_5	R_5	F1_5
0.2896034	0.7891823260538344	0.4189651918358543	0.5473502527342856	0.7992943129929432	0.4153252986060557	0.5466191160554283
