Opt_Th	P	R	F1	P_5	R_5	F1_5
0.24067011	0.8968715730473985	0.6639032398786856	0.7630004510195284	0.9423295790566558	0.621860356606076	0.749266306747261
