Opt_Th	P	R	F1	P_5	R_5	F1_5
0.08837014	0.12565408081713808	0.30004589466197606	0.17712940224755164	0.8156805761758853	0.024038376501933068	0.04670047456450026
