Opt_Th	P	R	F1	P_5	R_5	F1_5
0.091790125	0.1251639779882676	0.2771236986815292	0.17244328640110387	0.8572347680627935	0.024807321548428178	0.04821923757220989
