Opt_Th	P	R	F1	P_5	R_5	F1_5
0.21564873	0.5118858048954197	0.24419133885272332	0.3306490113362151	0.8762248136903119	0.162802773156918	0.27458718398525245
