Opt_Th	P	R	F1	P_5	R_5	F1_5
0.23993227	0.40739187418086503	0.2739854675295121	0.3276288960093213	0.740058607224005	0.18739322608664993	0.29906020974880526
