Opt_Th	P	R	F1	P_5	R_5	F1_5
0.2790752	0.9089542125944216	0.6899292910808587	0.7844400596775323	0.9435562562848382	0.6591670518812492	0.776130468148071
